,emphasized,actual
0,lllllllllike,like
1,likkkkke,like
2,llllllllllllike,like
4,likeeeeeeeeeeee,like
5,likkkkkke,like
6,likeeeeeeee,like
7,liiiiiiiiiiiiiiike,like
8,likeeee,like
9,likke,like
10,liiiiiiike,like
12,lllllllllllllike,like
13,liiiike,like
14,llllllllllike,like
16,likkkkkkkke,like
17,likkke,like
18,likeeeeeeeeeeeee,like
20,llllllike,like
21,lllllllllllike,like
23,likkkkkkkkkke,like
24,liiiiiiiiiiiiike,like
25,llike,like
26,liike,like
28,likkkkkkkkkkkkkke,like
30,likeeeeeeeeee,like
31,likeeeeeeeee,like
32,liiike,like
33,likeeeeeee,like
36,likkkke,like
37,liiiiiiiike,like
38,llllllllllllllike,like
40,likkkkkkkkkkkkkkke,like
41,likkkkkkkkkkke,like
42,lllllllllllllllike,like
47,liiiiiiiiiiike,like
48,likeeeeeeeeeee,like
49,liiiiiiiiike,like
50,likeeeeee,like
55,llllllllike,like
56,llllike,like
59,likkkkkkkkkkkke,like
60,likeee,like
63,liiiiiiiiiike,like
66,likeeeeeeeeeeeeeee,like
74,likkkkkkke,like
77,liiiiiike,like
81,lllllllike,like
85,liiiiiiiiiiiiiike,like
90,liiiiike,like
92,likee,like
114,likeeeee,like
116,lllllike,like
119,likkkkkkkkkkkkke,like
124,likeeeeeeeeeeeeee,like
140,liiiiiiiiiiiike,like
147,likkkkkkkkke,like
185,lllike,like
1000000,beauttttiful,beautiful
1000001,beeeeeeeeeeeeautiful,beautiful
1000002,beautiiiiful,beautiful
1000003,beautifful,beautiful
1000004,beauuuuuuuuuuuuutiful,beautiful
1000005,beautifuuuuuuuuuuuul,beautiful
1000006,beautifulllllllll,beautiful
1000007,beauuuuutiful,beautiful
1000009,beautiiful,beautiful
1000010,beauuuutiful,beautiful
1000011,beautifuuuuuuuuul,beautiful
1000012,bbbbbbbbbbbbeautiful,beautiful
1000013,beautttttttttiful,beautiful
1000014,beautttttttttttiful,beautiful
1000015,beautiffffful,beautiful
1000016,beautifullllll,beautiful
1000018,bbbbbbbbbbbbbeautiful,beautiful
1000019,bbbbbeautiful,beautiful
1000020,beauttttttiful,beautiful
1000021,beautiiiiiiiiful,beautiful
1000022,beaautiful,beautiful
1000023,beautiffful,beautiful
1000024,beautttttttiful,beautiful
1000025,beautifuuuuuuuuuuul,beautiful
1000029,beauttttttttttttiful,beautiful
1000030,beauutiful,beautiful
1000031,beautiiiiiiiiiiiiiiiful,beautiful
1000032,beautifffful,beautiful
1000033,beautiiiiiiiiiiful,beautiful
1000038,beautiffffffffffful,beautiful
1000039,beautiiiiiiiiiiiiiiful,beautiful
1000040,bbbbbbbbbbbeautiful,beautiful
1000041,beautifulllllll,beautiful
1000042,beaaaaaaaaaaaaaautiful,beautiful
1000045,beauuuuuuuuuuuuuutiful,beautiful
1000046,beautiiiiiiiiiiiiful,beautiful
1000047,bbbbbbbbeautiful,beautiful
1000049,beauttttttttttttttiful,beautiful
1000050,beautifuuuuuuuuuuuuuul,beautiful
1000051,beaaaaaaaautiful,beautiful
1000052,beaaaaaaaaaaaautiful,beautiful
1000053,beeeeeeeeeeeeeautiful,beautiful
1000054,beautiffffffful,beautiful
1000056,beautiiiiiiiful,beautiful
1000058,beautiiiiiiiiiiiful,beautiful
1000059,beautifuuuuuul,beautiful
1000061,beautiiiful,beautiful
1000062,bbbbeautiful,beautiful
1000063,bbeautiful,beautiful
1000064,beeautiful,beautiful
1000066,beeeeeeeeeeeautiful,beautiful
1000071,beautifuuuuul,beautiful
1000077,beauuuuuutiful,beautiful
1000078,beaaaaaaautiful,beautiful
1000079,bbbbbbbbbeautiful,beautiful
1000080,beautifulllllllllll,beautiful
1000083,beautifuuuul,beautiful
1000085,beautifulllllllllllll,beautiful
1000087,beauuuuuuuuuuuuuuutiful,beautiful
1000088,beaaaaaaaaaaautiful,beautiful
1000094,beaaaaaautiful,beautiful
1000095,beaaautiful,beautiful
1000102,beautttiful,beautiful
1000103,beautifuuul,beautiful
1000104,beautiffffffffful,beautiful
1000109,beauuuuuuuutiful,beautiful
1000110,beeeeeeeeautiful,beautiful
1000111,beautifulllll,beautiful
1000114,beautifffffffful,beautiful
1000116,beaaaaaaaaaaaaautiful,beautiful
1000119,bbbbbbbbbbbbbbeautiful,beautiful
1000120,beautifffffffffffful,beautiful
1000121,beautifullllllllllllll,beautiful
1000122,beautiiiiiful,beautiful
1000123,beautiiiiiiiiiiiiiful,beautiful
1000125,beaaaautiful,beautiful
1000126,beaaaaautiful,beautiful
1000135,beeeeeeeeeautiful,beautiful
1000137,beautifffffffffful,beautiful
1000140,beeeeeeeautiful,beautiful
1000141,beautifullllllllllll,beautiful
1000142,beaaaaaaaaaautiful,beautiful
1000146,beautttttttttttttiful,beautiful
1000147,beautiffffffffffffffful,beautiful
1000149,bbbbbbbeautiful,beautiful
1000151,beautifuuuuuuuuuul,beautiful
1000153,beauuuuuuuuutiful,beautiful
1000154,beautifull,beautiful
1000156,beautifulllllllllllllll,beautiful
1000158,beeeeeeeeeeeeeeautiful,beautiful
1000163,beautttttttttttttttiful,beautiful
1000170,beeeautiful,beautiful
1000171,beautifullllllll,beautiful
1000174,beautifulll,beautiful
1000175,beautifuuuuuuuuuuuuuuul,beautiful
1000180,beauttttttttiful,beautiful
1000187,beauuuuuuuuuuutiful,beautiful
1000192,beautifffffful,beautiful
1000193,beautifullll,beautiful
1000203,beeeeeautiful,beautiful
1000208,beautttttiful,beautiful
1000213,beeeeeeeeeeeeeeeautiful,beautiful
1000215,beauttttttttttiful,beautiful
1000229,beauuutiful,beautiful
1000230,beauuuuuuuuuutiful,beautiful
1000246,bbbbbbbbbbeautiful,beautiful
1000251,beautiiiiiiful,beautiful
1000254,beautiiiiiiiiiful,beautiful
1000269,beautifuuuuuuuuuuuuul,beautiful
1000285,beaaaaaaaaaaaaaaautiful,beautiful
1000297,bbbeautiful,beautiful
1000312,beauuuuuuuuuuuutiful,beautiful
1000319,beeeeeeeeeeautiful,beautiful
1000327,beeeeautiful,beautiful
1000337,beautifffffffffffffful,beautiful
1000360,beautifuuuuuuul,beautiful
1000366,bbbbbbeautiful,beautiful
1000405,beautiffffffffffffful,beautiful
1000407,beautifuul,beautiful
1000452,beautifullllllllll,beautiful
1000495,beeeeeeautiful,beautiful
1000496,beauttiful,beautiful
1000497,beautifuuuuuuuul,beautiful
1000624,beauuuuuuutiful,beautiful
1000702,bbbbbbbbbbbbbbbeautiful,beautiful
1000781,beaaaaaaaaautiful,beautiful
2000000,loove,love
2000001,loooooooooove,love
2000002,lllllllllove,love
2000003,loooooooooooooove,love
2000004,loooooove,love
2000005,lllllllllllllllove,love
2000006,looooove,love
2000009,loveeeeeeeeeeeeee,love
2000011,lllove,love
2000012,loooove,love
2000013,loveeeeee,love
2000014,lovvvvvvvvvvvve,love
2000016,looove,love
2000017,lovvvvvvvvvvvvvvve,love
2000018,llllove,love
2000019,lovvvvve,love
2000020,loveeeeeeeeeee,love
2000021,lovvve,love
2000023,lovvvvvvvve,love
2000024,llllllove,love
2000028,loveeeeeeeeeeeee,love
2000029,loveeeee,love
2000031,lovee,love
2000032,looooooove,love
2000033,llllllllllove,love
2000036,loveeeeeeeeeeee,love
2000037,llove,love
2000038,looooooooooove,love
2000040,looooooooooooooove,love
2000041,lovvvvvvvvvvve,love
2000044,lovvvve,love
2000046,lovvvvvvve,love
2000050,lllllllllllove,love
2000053,lovvvvvve,love
2000054,loveeeeeee,love
2000056,loveeeeeeeeee,love
2000057,loveeee,love
2000060,llllllllllllllove,love
2000061,llllllllllllove,love
2000062,lovvvvvvvvvvvvve,love
2000063,lovvvvvvvvve,love
2000065,loveee,love
2000066,lovvvvvvvvvve,love
2000069,lovve,love
2000070,llllllllove,love
2000096,lllllove,love
2000098,lllllllllllllove,love
2000103,lovvvvvvvvvvvvvve,love
2000124,loveeeeeeee,love
2000128,loooooooove,love
2000136,lllllllove,love
2000173,looooooooove,love
2000177,looooooooooooove,love
2000195,loveeeeeeeee,love
2000209,loooooooooooove,love
2000236,loveeeeeeeeeeeeeee,love
3000000,coolllllllll,cool
3000001,cooooooooooool,cool
3000002,cooooool,cool
3000004,coool,cool
3000006,cooooooool,cool
3000007,cccccccccccccccool,cool
3000008,cooooooooooooooool,cool
3000009,cccccccccool,cool
3000010,coooool,cool
3000013,cooooooooooooool,cool
3000014,coooooooooooool,cool
3000015,ccool,cool
3000016,ccccccccccccccool,cool
3000017,cooooooooool,cool
3000018,coooooool,cool
3000019,coollllllll,cool
3000021,cccccccccccool,cool
3000022,cccccccool,cool
3000023,coolllllllllllllll,cool
3000024,coolllllllllll,cool
3000027,cooool,cool
3000030,ccccccccccccool,cool
3000032,coolllllll,cool
3000038,coooooooooool,cool
3000040,cccccool,cool
3000049,coollllll,cool
3000050,cooll,cool
3000055,ccccccccccool,cool
3000062,ccccool,cool
3000070,coooooooool,cool
3000076,coooooooooooooool,cool
3000081,coollllllllllll,cool
3000088,coollll,cool
3000090,coolllll,cool
3000094,ccccccool,cool
3000095,coollllllllllllll,cool
3000098,coollllllllll,cool
3000107,coolllllllllllll,cool
3000111,cccool,cool
3000113,coolll,cool
3000148,ccccccccool,cool
3000184,cccccccccccccool,cool
4000000,prrrrrrrrrrrrrrretty,pretty
4000001,prettyyyyyyyyyyy,pretty
4000002,pppppppppppppppretty,pretty
4000003,prettttttttty,pretty
4000004,preeeeeeeeeetty,pretty
4000005,preeeeetty,pretty
4000006,prettttttttttty,pretty
4000007,ppppppppppretty,pretty
4000008,ppppppretty,pretty
4000009,pretttttttttty,pretty
4000010,pppppppppppppretty,pretty
4000011,preeeeeeeeeeeeetty,pretty
4000012,prettyyyyyyyyyy,pretty
4000013,prrrrrrrrretty,pretty
4000014,prrrrrrrrrrrretty,pretty
4000015,prrretty,pretty
4000016,pretttttttttttttttty,pretty
4000017,pretttttttttttty,pretty
4000020,preeeeeeeeeeeeeeetty,pretty
4000022,preeeeeeeeeeeeeetty,pretty
4000023,ppppppppppppppretty,pretty
4000024,pretttty,pretty
4000025,prettyyyyyyyyyyyyyyy,pretty
4000028,prettyyy,pretty
4000030,prrrrrretty,pretty
4000033,prettty,pretty
4000035,pretttttttttttttty,pretty
4000036,prettttty,pretty
4000038,prrrrretty,pretty
4000039,pretttttttty,pretty
4000040,prrrrrrrrrrrrretty,pretty
4000042,ppppppppppppretty,pretty
4000043,preeeeeetty,pretty
4000045,prettttttty,pretty
4000051,preeetty,pretty
4000060,pppretty,pretty
4000063,ppretty,pretty
4000064,pppppppretty,pretty
4000067,prettyy,pretty
4000068,prettttttttttttty,pretty
4000070,prettyyyyyyyy,pretty
4000073,preeeeeeeeetty,pretty
4000075,preeeeeeetty,pretty
4000076,prettyyyyy,pretty
4000080,pppppppppppretty,pretty
4000083,ppppppppretty,pretty
4000084,pppppppppretty,pretty
4000086,pretttttty,pretty
4000087,prretty,pretty
4000090,pppppretty,pretty
4000093,prettyyyyyyyyyyyyyy,pretty
4000094,prrrrrrretty,pretty
4000095,preeeeeeeetty,pretty
4000103,preetty,pretty
4000108,prettyyyyyyyyyyyyy,pretty
4000120,preeeeeeeeeeeetty,pretty
4000122,prettyyyyyyy,pretty
4000128,prettttttttttttttty,pretty
4000131,prrrrrrrrrretty,pretty
4000134,preeeeeeeeeeetty,pretty
4000155,prrrrrrrrrrretty,pretty
4000170,prettyyyyyyyyy,pretty
4000204,prrrretty,pretty
4000246,ppppretty,pretty
4000259,prettyyyy,pretty
4000261,preeeetty,pretty
4000327,prrrrrrrrrrrrrretty,pretty
4000340,prrrrrrrretty,pretty
4000361,prettyyyyyyyyyyyy,pretty
4000581,prettyyyyyy,pretty
5000000,nnnnnice,nice
5000001,nnnnnnnnnnnice,nice
5000002,niiiiice,nice
5000003,nicccce,nice
5000004,niccccccccccccccce,nice
5000005,niceeeeeeeeeeee,nice
5000006,nicee,nice
5000007,niceeeeeeee,nice
5000008,niceeeeeeeeee,nice
5000009,niceeeeeeeeeeeee,nice
5000010,niiiiiiiiiice,nice
5000011,niceeeee,nice
5000012,nicccccccccccce,nice
5000013,niiiiiiiiiiiiiiice,nice
5000014,nnnnnnnnnnnnnnice,nice
5000015,niceeee,nice
5000016,niccccccce,nice
5000017,niccce,nice
5000020,niiiiiiiiiiiiiice,nice
5000025,niceeeeeee,nice
5000026,niiiiiiiiice,nice
5000027,niccccccccccccce,nice
5000035,nnnice,nice
5000041,niiiiiiiiiiiiice,nice
5000042,nnnnnnnnnice,nice
5000043,niiiiiiiiiiiice,nice
5000044,niiiiiiiiiiice,nice
5000045,nnnnice,nice
5000046,niiiiiiice,nice
5000047,nnnnnnnnnnnnice,nice
5000051,niiiice,nice
5000052,nicccccccccccccce,nice
5000053,niiice,nice
5000055,nnnnnnnnice,nice
5000060,niceee,nice
5000061,niiiiiiiice,nice
5000063,niiiiiice,nice
5000065,nnnnnnnnnnnnnnnice,nice
5000071,niceeeeeeeeeeeeeee,nice
5000079,nicccccce,nice
5000085,nnnnnnnnnnice,nice
5000088,niccccccccce,nice
5000090,niccccccccccce,nice
5000095,niceeeeeeeeeee,nice
5000096,nicccccccce,nice
5000110,nnice,nice
5000117,nnnnnnice,nice
5000122,nicce,nice
5000144,nnnnnnnice,nice
5000145,niceeeeeeeeeeeeee,nice
5000146,niceeeeeeeee,nice
5000147,niceeeeee,nice
5000154,niccccce,nice
5000172,nicccccccccce,nice
5000198,nnnnnnnnnnnnnice,nice
5000285,niice,nice
6000000,badddddddddddddd,bad
6000001,baad,bad
6000002,baaaad,bad
6000003,bbbad,bad
6000004,baddddddddd,bad
6000005,badddddd,bad
6000009,baddddddddddd,bad
6000011,bbbbbbbbbbbbbbad,bad
6000012,baaaaaaaaaaaaaad,bad
6000013,baaad,bad
6000015,bbbbbbad,bad
6000016,badddddddddd,bad
6000017,baddddddddddddddd,bad
6000018,badddd,bad
6000019,bbbbad,bad
6000022,bbbbbbbbbbbbbbbad,bad
6000024,bbbbbbbbbbbbbad,bad
6000025,badddddddddddd,bad
6000026,baaaaad,bad
6000031,baaaaaaaaaaaaaaad,bad
6000032,baaaaaaaaaaaaad,bad
6000033,badd,bad
6000040,baaaaaaad,bad
6000042,bbbbbbbbbad,bad
6000043,baaaaaaaaaaaad,bad
6000045,bbbbbbbbbbad,bad
6000048,bbbbbbbbbbbbad,bad
6000049,baaaaaaaaad,bad
6000053,badddddddd,bad
6000055,baddd,bad
6000060,baddddddddddddd,bad
6000062,bbbbbad,bad
6000064,bbbbbbbbad,bad
6000068,baddddd,bad
6000072,bbbbbbbbbbbad,bad
6000076,baaaaaaaaaaad,bad
6000085,baaaaaad,bad
6000093,baaaaaaaad,bad
6000102,bbbbbbbad,bad
6000106,bbad,bad
6000146,baddddddd,bad
6000160,baaaaaaaaaad,bad
7000000,shhit,shit
7000001,shhhhhhhhhit,shit
7000002,sssssssssssssshit,shit
7000003,sssshit,shit
7000004,shittttttttttt,shit
7000005,shitttttttttt,shit
7000006,ssssssssssssshit,shit
7000007,ssssssshit,shit
7000008,shiiiiiit,shit
7000009,shittt,shit
7000010,shiiiiiiiiiiiiit,shit
7000011,shitttttttt,shit
7000012,sssssssssshit,shit
7000013,ssssshit,shit
7000015,shhhit,shit
7000016,ssshit,shit
7000017,ssssssssssssssshit,shit
7000018,shiiit,shit
7000019,sssssshit,shit
7000020,sssssssssssshit,shit
7000021,shhhhhhhhhhhhhit,shit
7000022,shiiiiiiit,shit
7000023,shhhhhhhhit,shit
7000024,shitttttttttttttt,shit
7000027,shitttt,shit
7000028,shitt,shit
7000029,shiiiiiiiiiiiit,shit
7000031,shittttttt,shit
7000033,shhhhhhhhhhit,shit
7000034,shittttttttt,shit
7000036,shhhhhhhit,shit
7000037,shiiiiiiiiiiiiiiit,shit
7000039,shitttttttttttt,shit
7000040,shitttttt,shit
7000043,shittttttttttttt,shit
7000047,ssssssssshit,shit
7000057,shhhhhhhhhhhit,shit
7000059,shhhhhhhhhhhhit,shit
7000062,shiit,shit
7000063,shiiiiiiiiit,shit
7000068,shittttttttttttttt,shit
7000070,shiiiiiiiiiiiiiit,shit
7000072,shittttt,shit
7000076,shhhhhhhhhhhhhhit,shit
7000081,shiiiiit,shit
7000082,shiiiiiiiiiiit,shit
7000088,ssssssssssshit,shit
7000090,shiiiiiiiit,shit
7000093,shiiiiiiiiiit,shit
7000100,shiiiit,shit
7000110,shhhhhhit,shit
7000120,sssssssshit,shit
7000137,shhhhit,shit
7000144,shhhhhhhhhhhhhhhit,shit
7000150,sshit,shit
7000208,shhhhhit,shit
8000000,ffffffffffuck,fuck
8000001,fuckkkkkkkkkkkkkkk,fuck
8000002,fffffffuck,fuck
8000003,fuuuuuuuuuuuuck,fuck
8000004,fuccccccccccccck,fuck
8000005,fucccccccccck,fuck
8000007,fffffffffffffffuck,fuck
8000008,fuuuck,fuck
8000009,fuuuuck,fuck
8000010,fuckkk,fuck
8000011,fucccccccccccccck,fuck
8000012,fffffuck,fuck
8000013,fuccccck,fuck
8000014,fuckkkkkkkkkkkk,fuck
8000015,fucccck,fuck
8000017,fuckk,fuck
8000020,fuccccccccccck,fuck
8000021,fffffffffffffuck,fuck
8000023,ffuck,fuck
8000024,ffffffffffffuck,fuck
8000027,fuuuuuuuuuuuck,fuck
8000028,fuccck,fuck
8000030,ffffffffffffffuck,fuck
8000032,ffffffffuck,fuck
8000034,fuuuuuuuuuuuuuuck,fuck
8000038,ffffffuck,fuck
8000039,fuckkkkkkkkkkkkk,fuck
8000042,fuuuuuuuck,fuck
8000043,fuuck,fuck
8000044,fuuuuuck,fuck
8000048,fuccccccccccccccck,fuck
8000049,fuckkkkkkkkkkkkkk,fuck
8000053,fuccccccccck,fuck
8000057,fucccccccccccck,fuck
8000058,fuckkkkkkkk,fuck
8000061,fuckkkk,fuck
8000062,fuckkkkkk,fuck
8000063,fffffffffuck,fuck
8000070,fuckkkkkkk,fuck
8000082,fucccccck,fuck
8000085,fuckkkkk,fuck
8000087,fuuuuuuuuuuck,fuck
8000090,fuckkkkkkkkk,fuck
8000093,fucccccccck,fuck
8000097,fuuuuuuuuuuuuuck,fuck
8000099,fuckkkkkkkkkkk,fuck
8000104,fffuck,fuck
8000107,fuuuuuuuuuck,fuck
8000124,ffffuck,fuck
8000130,fffffffffffuck,fuck
8000132,fuckkkkkkkkkk,fuck
8000164,fucck,fuck
8000166,fuccccccck,fuck
8000202,fuuuuuuuuck,fuck
8000252,fuuuuuuuuuuuuuuuck,fuck
8000397,fuuuuuuck,fuck
9000000,nnnnnnnnnasty,nasty
9000001,nassssssssssssty,nasty
9000002,nassssssssty,nasty
9000003,nasttty,nasty
9000004,naasty,nasty
9000005,nastyyyyyy,nasty
9000007,nasttttty,nasty
9000008,nnnnnnnnnnnnnnasty,nasty
9000009,naaaaaaaaaaaasty,nasty
9000010,nastyy,nasty
9000011,nastyyyyyyy,nasty
9000012,naaaaaaaaaaaaaaasty,nasty
9000013,nastyyyyyyyyy,nasty
9000016,nasttttttttttty,nasty
9000017,naaaaaaaaaaasty,nasty
9000019,nastttttttttttttty,nasty
9000021,nastyyyy,nasty
9000022,naaaaaaaasty,nasty
9000023,nastttttttttty,nasty
9000025,nasssssssssssssty,nasty
9000027,nastttty,nasty
9000028,nnnnnnnasty,nasty
9000029,nnnnnnnnnnnnasty,nasty
9000031,nastyyyyy,nasty
9000033,naaaasty,nasty
9000034,nasssssssssssssssty,nasty
9000035,nastyyyyyyyyyyy,nasty
9000040,nasssssty,nasty
9000041,nnnnnnnnasty,nasty
9000042,nnnasty,nasty
9000043,naaaaaasty,nasty
9000044,nastttttty,nasty
9000045,nassssssty,nasty
9000047,nasttttttttty,nasty
9000048,nnnnnnasty,nasty
9000049,nastty,nasty
9000051,nastttttttty,nasty
9000053,nastyyyyyyyyyyyy,nasty
9000055,naaaaaaaaasty,nasty
9000056,nassty,nasty
9000060,nnnnnnnnnnnnnnnasty,nasty
9000064,nassssssssssty,nasty
9000069,nnnnnnnnnnnasty,nasty
9000073,nnnnnnnnnnasty,nasty
9000079,nastttttttttttty,nasty
9000080,nasssssssssty,nasty
9000081,nnnnnnnnnnnnnasty,nasty
9000083,nastyyyyyyyy,nasty
9000084,naaaaaaaaaasty,nasty
9000085,nasttttttty,nasty
9000112,naaasty,nasty
9000119,nassssty,nasty
9000120,nastyyy,nasty
9000121,nasssty,nasty
9000122,naaaaaaasty,nasty
9000129,nasssssssssssty,nasty
9000137,nnasty,nasty
9000142,nasttttttttttttttty,nasty
9000147,nastyyyyyyyyyyyyyyy,nasty
9000155,naaaaasty,nasty
9000158,nnnnasty,nasty
9000161,nnnnnasty,nasty
9000164,naaaaaaaaaaaaaasty,nasty
9000166,nastyyyyyyyyyyyyyy,nasty
9000175,nasttttttttttttty,nasty
9000194,nastyyyyyyyyyyyyy,nasty
9000197,nasssssssty,nasty
9000247,nassssssssssssssty,nasty
9000253,nastyyyyyyyyyy,nasty
9000263,naaaaaaaaaaaaasty,nasty
10000000,slllllllllllllllow,slow
10000001,slowwww,slow
10000002,sllllllow,slow
10000003,sslow,slow
10000004,ssslow,slow
10000005,slllllllow,slow
10000006,slowwwww,slow
10000007,sssssssslow,slow
10000008,sssssslow,slow
10000009,sloooooooooow,slow
10000010,slowwwwwwwwwwwww,slow
10000012,slllllllllllow,slow
10000013,sloooow,slow
10000015,slowwwwwwwwwww,slow
10000016,sssssssssssslow,slow
10000017,slllllllllllllow,slow
10000024,ssssslow,slow
10000025,sllllow,slow
10000026,slooooooow,slow
10000029,slowwwwwwwwwwww,slow
10000030,ssssssssssslow,slow
10000031,sloooooow,slow
10000032,slowwwwwwwwwwwwww,slow
10000034,slowww,slow
10000036,slooow,slow
10000037,slllllllllow,slow
10000038,slllllow,slow
10000039,slowwwwwwwwww,slow
10000041,slooooooooow,slow
10000042,sloooooooow,slow
10000043,sloooooooooooow,slow
10000045,slowwwwwwww,slow
10000047,ssssssssslow,slow
10000051,sllllllllllllllow,slow
10000052,ssssssssssssssslow,slow
10000057,slowwwwww,slow
10000058,slowwwwwwwww,slow
10000066,slooooow,slow
10000067,sloooooooooooooow,slow
10000068,sssslow,slow
10000069,sloow,slow
10000071,sllllllllow,slow
10000078,sllllllllllow,slow
10000081,slllow,slow
10000090,sllllllllllllow,slow
10000091,slooooooooooooooow,slow
10000095,slowwwwwwwwwwwwwww,slow
10000098,sllow,slow
10000113,slowwwwwww,slow
10000140,slooooooooooow,slow
10000156,slooooooooooooow,slow
10000160,sssssssssssssslow,slow
10000165,sloww,slow
10000172,ssssssslow,slow
10000175,sssssssssslow,slow
10000191,ssssssssssssslow,slow
11000000,booooooring,boring
11000001,boooring,boring
11000002,bbbbboring,boring
11000003,boooooooooooooooring,boring
11000004,borinnnnnnnnnnng,boring
11000006,borinnnnnnnnnnnng,boring
11000007,boriiiing,boring
11000008,boriiing,boring
11000009,borrrrring,boring
11000010,boringgggggggg,boring
11000011,bbbbbbbbbbbbbbboring,boring
11000012,boooooring,boring
11000013,borinnnnnnnnng,boring
11000014,bbbbbbboring,boring
11000015,boooooooring,boring
11000016,bbboring,boring
11000017,boriiiiiiiiiiiiiing,boring
11000018,borinnnnnnnnnnnnng,boring
11000019,boringggggggggg,boring
11000021,boooooooooring,boring
11000023,boringgggggggggggggg,boring
11000024,borinng,boring
11000026,boringgg,boring
11000028,borinnnng,boring
11000029,boooooooooooooring,boring
11000030,boriiiiiiiiiiiiiiing,boring
11000033,bbbbbbbbbboring,boring
11000034,borrrrrrrrrrring,boring
11000035,boringggggggggggg,boring
11000036,borinnnnnnnnnnnnnng,boring
11000039,boooooooooooring,boring
11000040,bbbbbbbbbbbbbboring,boring
11000041,bbbbbbbbbbbbboring,boring
11000042,boringggggg,boring
11000043,borinnnnnnng,boring
11000044,borrrrrring,boring
11000045,bbbboring,boring
11000048,borinnnnnnnng,boring
11000049,borring,boring
11000050,boringg,boring
11000052,bboring,boring
11000053,booooooooooooring,boring
11000054,borinnng,boring
11000055,boriiiiiiiiiiiing,boring
11000057,borrrring,boring
11000059,boringgggggggggg,boring
11000062,boringgggg,boring
11000064,boringggggggg,boring
11000071,borinnnnnng,boring
11000072,bbbbbboring,boring
11000075,boringgggggggggggg,boring
11000076,boriiiiiing,boring
11000077,booooooooooooooring,boring
11000078,borinnnnng,boring
11000082,boriiiiiiiiiing,boring
11000087,boriiiiiiiiing,boring
11000088,borrrrrrrrrring,boring
11000092,bbbbbbbbbbboring,boring
11000094,boriiiiiiiiiiiiing,boring
11000095,booring,boring
11000096,bbbbbbbbboring,boring
11000101,boringggggggggggggg,boring
11000109,bbbbbbbbbbbboring,boring
11000110,booooooooring,boring
11000112,borrrrrrrring,boring
11000116,boringggg,boring
11000123,borrrrrrrrring,boring
11000125,boriiiiiiiiiiing,boring
11000126,borinnnnnnnnnnnnnnng,boring
11000131,borinnnnnnnnnng,boring
11000144,borrrrrrrrrrrring,boring
11000146,bbbbbbbboring,boring
11000151,boriing,boring
11000162,boringgggggg,boring
11000163,borrrrrrrrrrrrrrring,boring
11000171,boriiiiiiiing,boring
11000177,borrrrrrrrrrrrrring,boring
11000188,booooooooooring,boring
11000192,boriiiiing,boring
11000199,borrrrrrring,boring
11000212,boriiiiiiing,boring
11000219,borrrrrrrrrrrrring,boring
11000226,borrring,boring
11000228,booooring,boring
12000000,hhot,hot
12000001,hhhhhhhhot,hot
12000002,hhhhhhhot,hot
12000004,hhhhhhhhhhot,hot
12000005,hottttttttttttttt,hot
12000006,hotttttttttttt,hot
12000007,hotttt,hot
12000008,hottt,hot
12000009,hhhhot,hot
12000011,hhhhhhhhhot,hot
12000012,hott,hot
12000013,hoooooooooooooot,hot
12000014,hooooooot,hot
12000015,hhhot,hot
12000017,hotttttttttttttt,hot
12000018,hoooooooot,hot
12000020,hhhhhhhhhhhot,hot
12000021,hhhhhot,hot
12000022,hoooot,hot
12000024,hotttttt,hot
12000026,hottttttttt,hot
12000029,hhhhhhhhhhhhhhot,hot
12000030,hooooooooot,hot
12000032,hoot,hot
12000033,hhhhhhhhhhhhot,hot
12000034,hhhhhhhhhhhhhhhot,hot
12000038,hooooooooooooooot,hot
12000039,hooot,hot
12000041,hotttttttttt,hot
12000045,hhhhhhot,hot
12000049,hooooooooooooot,hot
12000051,hhhhhhhhhhhhhot,hot
12000055,hottttttttttttt,hot
12000059,hottttttttttt,hot
12000065,hoooooooooot,hot
12000068,hoooooot,hot
12000075,hooooot,hot
12000078,hottttt,hot
12000083,hottttttt,hot
12000144,hooooooooooot,hot
12000151,hoooooooooooot,hot
12000153,hotttttttt,hot
13000000,goodddddd,good
13000001,gooddddddd,good
13000002,goodddddddd,good
13000003,gooood,good
13000005,goooooooooooooood,good
13000006,gooddddd,good
13000008,gggggood,good
13000009,gooooooooooooooood,good
13000011,gooddddddddddd,good
13000012,goooooooood,good
13000014,ggggggggggggggood,good
13000016,gooooooooood,good
13000018,gggggggggggggood,good
13000019,goodddddddddddddd,good
13000020,goodddddddddddd,good
13000022,goooooooooood,good
13000024,gooddddddddddddddd,good
13000025,gggggggggggggggood,good
13000026,goood,good
13000027,gggggggggggood,good
13000031,goooood,good
13000032,gooooooooooood,good
13000036,gooooood,good
13000037,goooooooooooood,good
13000040,gooooooood,good
13000044,gooddd,good
13000046,gooddddddddddddd,good
13000051,goodddddddddd,good
13000053,goodddd,good
13000054,goooooood,good
13000068,goodd,good
13000069,ggood,good
13000070,ggggggggggggood,good
13000071,gggggggood,good
13000076,gggggggggood,good
13000082,ggggggggggood,good
13000084,gggood,good
13000087,gooooooooooooood,good
13000094,gooddddddddd,good
13000095,ggggood,good
13000194,ggggggood,good
13000236,ggggggggood,good
14000000,greeeeeeeeat,great
14000001,grrrrrrrrreat,great
14000002,grrrrrrrreat,great
14000003,greatttttttt,great
14000005,greaaaaat,great
14000006,greaaaat,great
14000007,greaat,great
14000009,greaaaaaaaaaat,great
14000010,ggggreat,great
14000011,greaaaaaaaaaaaaat,great
14000012,greatttt,great
14000013,grrrrrrrrrrrrreat,great
14000014,greattttttttttttt,great
14000015,greeeeeeeeeat,great
14000017,greatt,great
14000018,gggggreat,great
14000019,grrrrrrreat,great
14000020,greattt,great
14000022,greeeat,great
14000024,ggggggggreat,great
14000025,greatttttttttttttt,great
14000026,greaaaaaaaaaaaaaaat,great
14000027,greattttttttttttttt,great
14000029,grreat,great
14000030,greaaaaaaaaaaaat,great
14000032,ggggggggggggggreat,great
14000034,grrrreat,great
14000037,grrrrrrrrrrrrrreat,great
14000038,greatttttttttttt,great
14000039,gggreat,great
14000042,greeeeat,great
14000046,greaaaaaaaaat,great
14000047,greattttt,great
14000053,ggggggggggggreat,great
14000054,ggreat,great
14000056,grrreat,great
14000059,gggggggggggreat,great
14000062,greaaaaaaaaaaat,great
14000064,greeeeeat,great
14000065,ggggggggggreat,great
14000066,greeeeeeeeeeeat,great
14000067,greatttttt,great
14000068,ggggggreat,great
14000070,greattttttttttt,great
14000071,grrrrrreat,great
14000072,greaaat,great
14000073,greeeeeeeeeeeeeeeat,great
14000074,gggggggreat,great
14000075,greeeeeeat,great
14000079,gggggggggreat,great
14000082,greeeeeeeeeeeeeat,great
14000091,gggggggggggggreat,great
14000098,greaaaaaaaat,great
14000107,greaaaaaaaaaaaaaat,great
14000111,greatttttttttt,great
14000119,grrrrrrrrrrrrrrreat,great
14000123,greeeeeeeeeeat,great
14000132,greeat,great
14000133,greattttttt,great
14000135,greattttttttt,great
14000136,gggggggggggggggreat,great
14000143,greaaaaaaat,great
14000149,greeeeeeeeeeeeat,great
14000186,greeeeeeeat,great
14000193,grrrrrrrrrrrreat,great
14000200,greaaaaaat,great
14000230,grrrrreat,great
14000255,grrrrrrrrrreat,great
14000292,grrrrrrrrrrreat,great
14000344,greeeeeeeeeeeeeeat,great
15000000,smoottttttttttttttth,smooth
15000001,smooooooooth,smooth
15000002,smmmmooth,smooth
15000003,smoottth,smooth
15000004,smoottttttttttth,smooth
15000005,smoottttttttth,smooth
15000006,smoooth,smooth
15000007,smooooooth,smooth
15000010,smootttttttttth,smooth
15000011,smmmmmmmmmmmmooth,smooth
15000012,smoooooooth,smooth
15000014,smmmmmmmmmooth,smooth
15000015,sssmooth,smooth
15000016,smooooooooooth,smooth
15000017,sssssssssssmooth,smooth
15000019,smoothhhhhhhhhh,smooth
15000020,smmmmmmooth,smooth
15000021,smoooooooooth,smooth
15000026,smooooooooooooooth,smooth
15000027,smootttth,smooth
15000029,smoothhhhhhhh,smooth
15000030,smoooooooooooth,smooth
15000032,sssssmooth,smooth
15000036,smoothhhhh,smooth
15000037,smoottttttth,smooth
15000039,smooooooooooooth,smooth
15000041,smmmmmmmmmmmmmmooth,smooth
15000043,smoothh,smooth
15000045,smoothhhhhhhhhhhhh,smooth
15000046,smoooooooooooooth,smooth
15000047,smoooooth,smooth
15000051,smmmmmmmmmmmooth,smooth
15000052,smooooth,smooth
15000053,smootttttttttttth,smooth
15000054,ssssssssssssmooth,smooth
15000057,smoothhhhhhh,smooth
15000058,sssssssssssssmooth,smooth
15000061,smooooooooooooooooth,smooth
15000066,smmmmmmmmmmmmmmmooth,smooth
15000067,smootttttth,smooth
15000069,ssssmooth,smooth
15000070,sssssssmooth,smooth
15000072,smmmmmmmmmmooth,smooth
15000074,smoothhhhhhhhhhhhhh,smooth
15000080,smoothhhhhhhhhhhhhhh,smooth
15000083,smoothhhhhh,smooth
15000088,smoothhhhhhhhh,smooth
15000090,ssssssmooth,smooth
15000094,smmmooth,smooth
15000097,smoothhhh,smooth
15000103,smoooooooooooooooth,smooth
15000104,ssssssssmooth,smooth
15000107,smmmmmmmmooth,smooth
15000110,smootth,smooth
15000117,smmmmmooth,smooth
15000119,smoottttttttttttth,smooth
15000120,smootttttttth,smooth
15000122,smoothhh,smooth
15000127,smootttttttttttttth,smooth
15000134,smmmmmmmmmmmmmooth,smooth
15000137,smmooth,smooth
15000142,ssmooth,smooth
15000169,smmmmmmmooth,smooth
15000171,smoothhhhhhhhhhh,smooth
15000186,smoottttth,smooth
15000196,ssssssssssmooth,smooth
15000273,sssssssssmooth,smooth
15000300,smoothhhhhhhhhhhh,smooth
15000326,sssssssssssssssmooth,smooth
15000398,ssssssssssssssmooth,smooth
16000000,deliciooooooous,delicious
16000001,deliciious,delicious
16000002,dellllicious,delicious
16000003,deliciouuus,delicious
16000004,delicioooooooooooous,delicious
16000005,deliciousssssssss,delicious
16000006,deliciouuuuuuuuuuus,delicious
16000008,ddddddddddddelicious,delicious
16000009,deliciiiiiiiiiious,delicious
16000010,delicccccccccccious,delicious
16000012,deliiiiiiiiiiiiiicious,delicious
16000013,dddddelicious,delicious
16000014,delicioussssssssssssss,delicious
16000015,dddddddddddddddelicious,delicious
16000016,deliciouss,delicious
16000017,delicioussssss,delicious
16000018,deliiiiiiiicious,delicious
16000019,deliiiiiiicious,delicious
16000021,deliiiiiiiiicious,delicious
16000022,deliciouuuuuuuuus,delicious
16000023,deliciouuuuus,delicious
16000024,deliciiious,delicious
16000025,deliciousssssssssssssss,delicious
16000027,deeeeeeeelicious,delicious
16000029,dellllllicious,delicious
16000030,dddddddelicious,delicious
16000032,deliciiiiiiiious,delicious
16000034,delicccccccccccccious,delicious
16000035,deliccccccccccccious,delicious
16000036,delicioussssssss,delicious
16000037,deeeeeelicious,delicious
16000038,delicioussssssssss,delicious
16000040,deliciooooooooous,delicious
16000041,deliciiiiiiiiiiiiiious,delicious
16000042,delllllllllicious,delicious
16000043,deliccccccccccccccious,delicious
16000044,ddelicious,delicious
16000045,deliciiiiiiiiiiiiiiious,delicious
16000047,deliciousssssssssss,delicious
16000051,deliccccccious,delicious
16000053,ddddddddddddddelicious,delicious
16000054,deliciiiiiiiiiiiiious,delicious
16000055,deliciiiiiious,delicious
16000056,ddddddddelicious,delicious
16000058,delllicious,delicious
16000060,deliciouuuuuus,delicious
16000061,dellllllllllicious,delicious
16000062,delicioussss,delicious
16000064,ddddelicious,delicious
16000065,deliciiiiiiiiious,delicious
16000066,deliciouuuuuuuuuuuuuuus,delicious
16000067,delllllicious,delicious
16000068,deeeeeeeeelicious,delicious
16000070,deeeeeeeeeelicious,delicious
16000071,dddddddddelicious,delicious
16000078,delllllllllllicious,delicious
16000080,deliiiiiicious,delicious
16000082,deeeeeeeeeeeeeeelicious,delicious
16000084,delicccccccccious,delicious
16000085,dddddddddddelicious,delicious
16000088,deliiiiiiiiiiicious,delicious
16000089,deliciiiiiiiiiiiious,delicious
16000092,delicioooooous,delicious
16000095,deliciouuuuuuuuuuuuus,delicious
16000103,delicccccccccccccccious,delicious
16000104,dellllllllllllllicious,delicious
16000105,deelicious,delicious
16000109,delicioooooooooooooous,delicious
16000110,deliciouuuuuuuuuuuus,delicious
16000111,deliciiiious,delicious
16000113,deliiicious,delicious
16000114,deliiiiiiiiiiiiiiicious,delicious
16000116,deliiiicious,delicious
16000117,deliciooooous,delicious
16000119,deliiiiiiiiiicious,delicious
16000124,deeelicious,delicious
16000125,delllllllllllllicious,delicious
16000126,deliciouuuuuuuus,delicious
16000128,ddddddddddelicious,delicious
16000133,deliciouuuuuuuuuus,delicious
16000135,deliciiiiious,delicious
16000136,deliccccccccccious,delicious
16000141,deliciouuuuuuuuuuuuuus,delicious
16000144,deliiiiiiiiiiiiicious,delicious
16000146,deliicious,delicious
16000147,dddddddddddddelicious,delicious
16000154,deliciooooooooooooooous,delicious
16000158,deliciousssssssssssss,delicious
16000166,deliciousssss,delicious
16000167,ddddddelicious,delicious
16000170,delicioussssssssssss,delicious
16000171,deliciouuuus,delicious
16000173,deeeeeeeeeeeeelicious,delicious
16000176,deliciousssssss,delicious
16000178,delllllllicious,delicious
16000185,deliciouus,delicious
16000192,delicioooooooooous,delicious
16000194,delicioous,delicious
16000196,delicioooous,delicious
16000199,deliciouuuuuuus,delicious
16000207,deeeeeeeeeeeelicious,delicious
16000210,delllllllllllllllicious,delicious
16000211,delicccccious,delicious
16000212,delicccccccious,delicious
16000215,deeeeeeelicious,delicious
16000218,deliccccccccious,delicious
16000219,deliiiiicious,delicious
16000221,deeeeelicious,delicious
16000226,deliciiiiiiious,delicious
16000239,deliciousss,delicious
16000242,deeeelicious,delicious
16000243,delicioooooooous,delicious
16000255,deliiiiiiiiiiiicious,delicious
16000293,dellllllllicious,delicious
16000298,deliciooooooooooooous,delicious
16000303,deliciooooooooooous,delicious
16000327,deliciooous,delicious
16000351,dellllllllllllicious,delicious
16000353,deeeeeeeeeeelicious,delicious
16000404,dellicious,delicious
16000411,dddelicious,delicious
16000423,deliciiiiiiiiiiious,delicious
16000436,deeeeeeeeeeeeeelicious,delicious
16000440,deliccccious,delicious
16000649,deliccious,delicious
16000923,delicccious,delicious
17000000,ammmmmmmmmmmazing,amazing
17000001,ammazing,amazing
17000002,amazinnnnnnnnnnnnng,amazing
17000003,amazinnng,amazing
17000004,ammmmazing,amazing
17000005,amaziiiiiiiiiiiiiing,amazing
17000006,aaaaaaaaaaamazing,amazing
17000007,amazinnnnnnnnnnng,amazing
17000009,amaaaaaaaaaazing,amazing
17000010,amazzzzzzzzzzzzzing,amazing
17000011,amaaaazing,amazing
17000012,amaziiiiiiiing,amazing
17000013,aaamazing,amazing
17000014,amaziiiiiiiiiing,amazing
17000015,amazingggggggggggggg,amazing
17000016,amazzzzzzzzzing,amazing
17000017,amazzzzzzzzzzzzzzzing,amazing
17000018,aaaaaaaaamazing,amazing
17000020,aaaaaaamazing,amazing
17000022,amaaaaaazing,amazing
17000023,amazinggggggggggggg,amazing
17000024,amaaaaaaaaaaaazing,amazing
17000025,amazingggggg,amazing
17000027,amaziiiiiiiiiiing,amazing
17000028,amaziiiiiing,amazing
17000030,amaaaaaaaazing,amazing
17000032,amaaaaaaaaaaaaazing,amazing
17000034,aaaaaaaaaaaamazing,amazing
17000035,ammmmmazing,amazing
17000036,ammmmmmmmmmmmazing,amazing
17000038,amazinnnnnnnnng,amazing
17000039,amaziiiiiiiiing,amazing
17000040,ammmmmmmmazing,amazing
17000042,ammmmmmmmmmazing,amazing
17000043,amazinggggggggg,amazing
17000044,aaaamazing,amazing
17000046,amaaaaaaaaaaaaaaazing,amazing
17000047,amazzzzzzzzzzing,amazing
17000049,amaaaaazing,amazing
17000052,amazzzzzzing,amazing
17000053,amazinnnnnnnnnng,amazing
17000054,aaaaaaaaaamazing,amazing
17000057,amazzzing,amazing
17000058,amazinggggg,amazing
17000061,amaaaaaaaaaaaaaazing,amazing
17000062,amaaaaaaaaazing,amazing
17000064,amazinnnnnnnnnnnnnnng,amazing
17000066,amazingggggggggg,amazing
17000067,amazinggggggggggg,amazing
17000068,amaziiiiiiing,amazing
17000069,amazinggg,amazing
17000072,ammmmmmmmmmmmmmazing,amazing
17000076,amazzzzing,amazing
17000077,amazinggggggg,amazing
17000078,amazzzzzzzzzzzzzzing,amazing
17000079,aaaaamazing,amazing
17000080,ammmmmmmmmmmmmazing,amazing
17000082,aaaaaamazing,amazing
17000083,amazinnnnng,amazing
17000085,amaziiiiiiiiiiiing,amazing
17000086,amazinnnnnnng,amazing
17000089,ammmmmmmmmmmmmmmazing,amazing
17000091,amazzzzzing,amazing
17000092,amazinnnnnnnng,amazing
17000094,amazinng,amazing
17000099,amazingggggggggggg,amazing
17000107,amaziiiiiiiiiiiiing,amazing
17000108,amaziiiing,amazing
17000109,amazzzzzzzzzzzing,amazing
17000118,amazinnnnnng,amazing
17000122,ammmmmmmmmazing,amazing
17000124,amazingg,amazing
17000126,amaziiiiing,amazing
17000130,amaziiing,amazing
17000132,aamazing,amazing
17000139,ammmazing,amazing
17000142,amaaaaaaaaaaazing,amazing
17000145,amazinnnnnnnnnnnng,amazing
17000155,amazzzzzzzzzzzzing,amazing
17000165,amazzzzzzzing,amazing
17000166,aaaaaaaaaaaaaamazing,amazing
17000168,amaziing,amazing
17000174,aaaaaaaamazing,amazing
17000178,amazinnnng,amazing
17000192,ammmmmmazing,amazing
17000196,amazzzzzzzzing,amazing
17000205,amaaaaaaazing,amazing
17000208,aaaaaaaaaaaaamazing,amazing
17000217,ammmmmmmazing,amazing
17000224,amaazing,amazing
17000239,amazingggggggg,amazing
17000255,aaaaaaaaaaaaaaamazing,amazing
17000260,amazzing,amazing
17000262,amaaazing,amazing
17000269,amazingggg,amazing
17000278,amaziiiiiiiiiiiiiiing,amazing
17000305,amazinnnnnnnnnnnnnng,amazing
17000376,amazinggggggggggggggg,amazing
18000000,sweeeeeeeeeeeeeeeet,sweet
18000001,ssssweet,sweet
18000002,sssssssssssweet,sweet
18000003,ssssssssssssssweet,sweet
18000004,sweeeeeeet,sweet
18000005,sweeeet,sweet
18000006,sweettttttttttttt,sweet
18000007,ssssssweet,sweet
18000008,swwwwwwwwwwwwwweet,sweet
18000009,swwwwwwwwwwwwweet,sweet
18000010,sweeeeeeeeeeeeet,sweet
18000011,sweett,sweet
18000012,sweeeeeeeet,sweet
18000013,sssssweet,sweet
18000014,swweet,sweet
18000015,sweeeeet,sweet
18000017,sweettttttttttttttt,sweet
18000019,swwwwwwweet,sweet
18000020,sssssssssssssssweet,sweet
18000023,swwwwwwwwweet,sweet
18000024,swwwwwwwwwweet,sweet
18000026,sssssssssweet,sweet
18000028,sweetttttttttttttt,sweet
18000029,swwwweet,sweet
18000030,sweeeeeet,sweet
18000031,sweeeeeeeeeet,sweet
18000035,sweetttttttttt,sweet
18000037,sweeeeeeeeet,sweet
18000039,swwwwwwwwwwwwwwweet,sweet
18000043,sweeet,sweet
18000045,swwwwwwwweet,sweet
18000048,sweettttttttt,sweet
18000051,ssssssssssweet,sweet
18000054,sweeeeeeeeeeeeeet,sweet
18000056,swwwwwweet,sweet
18000060,sweettttttt,sweet
18000061,sweeeeeeeeeeeeeeet,sweet
18000064,sssssssweet,sweet
18000066,sweeeeeeeeeeeet,sweet
18000068,sssssssssssssweet,sweet
18000069,ssssssssssssweet,sweet
18000072,ssweet,sweet
18000073,sssweet,sweet
18000075,ssssssssweet,sweet
18000082,sweeeeeeeeeeet,sweet
18000092,sweetttttt,sweet
18000096,sweetttttttt,sweet
18000109,sweettt,sweet
18000118,sweettttttttttt,sweet
18000122,sweetttttttttttt,sweet
18000140,swwwwwwwwwwweet,sweet
18000157,swwwwweet,sweet
18000187,sweetttt,sweet
18000191,swwwwwwwwwwwweet,sweet
18000198,sweettttt,sweet
18000298,swwweet,sweet
19000000,fuuuuuuuuuuun,fun
19000001,fuuuuuuuuuuuuuun,fun
19000002,fuuuuuuuuuuuuun,fun
19000003,ffffun,fun
19000004,funnnnnnnnnnnnn,fun
19000006,ffffffffffffffun,fun
19000007,fuuuuuuun,fun
19000008,fffun,fun
19000009,funnnnn,fun
19000010,funnnn,fun
19000011,fuuuuuuuuuuuun,fun
19000012,funnnnnnnnnn,fun
19000013,ffffffun,fun
19000016,fffffffffun,fun
19000017,fuuuuuuuuuuuuuuun,fun
19000018,funnnnnnnnnnnn,fun
19000021,fuuuuun,fun
19000022,funnn,fun
19000023,fffffffun,fun
19000026,fffffun,fun
19000028,ffffffffffffun,fun
19000031,funnnnnnnnnnnnnnn,fun
19000032,fuuun,fun
19000034,funnnnnnnnn,fun
19000035,funnnnnnn,fun
19000036,funnnnnn,fun
19000047,fuuuuuuuuun,fun
19000050,ffun,fun
19000051,ffffffffffun,fun
19000052,fuuuuuuuuuun,fun
19000055,funn,fun
19000056,funnnnnnnnnnnnnn,fun
19000057,fuuuuuuuun,fun
19000058,fuuuun,fun
19000059,fffffffffffffffun,fun
19000063,fuuuuuun,fun
19000073,funnnnnnnnnnn,fun
19000075,fuun,fun
19000077,funnnnnnnn,fun
19000126,fffffffffffffun,fun
19000140,ffffffffun,fun
19000153,fffffffffffun,fun
20000000,woooooooooow,wow
20000001,wwwwwwwwwwwow,wow
20000002,wowwwwwwwwwwww,wow
20000003,wowwwwwwwwwwwwww,wow
20000004,wwwwwwwwwwow,wow
20000006,wowwwww,wow
20000007,wowwwwwwwwwww,wow
20000009,wooooooooooooow,wow
20000010,wooow,wow
20000011,woooooow,wow
20000012,woooooooow,wow
20000013,wowwwwwwwwwwwwwww,wow
20000014,wowwwwwwwwww,wow
20000015,woooooooooooooow,wow
20000017,wwwwwwow,wow
20000018,wwwwow,wow
20000023,wwwwwwwwow,wow
20000025,wowwwwwww,wow
20000026,woooooooooooow,wow
20000027,wwwwwow,wow
20000028,wowwwwwwww,wow
20000029,wowww,wow
20000030,wwwow,wow
20000031,woow,wow
20000033,wowwwwwwwwwwwww,wow
20000037,wwwwwwwwwwwwwwow,wow
20000038,wwwwwwwwwow,wow
20000041,wowwwwww,wow
20000043,wooooow,wow
20000048,wooooooow,wow
20000049,wooooooooooooooow,wow
20000055,wwwwwwwwwwwwow,wow
20000056,wwwwwwwow,wow
20000060,wwwwwwwwwwwwwow,wow
20000061,wowwww,wow
20000062,woooow,wow
20000064,wooooooooow,wow
20000070,wwwwwwwwwwwwwwwow,wow
20000110,wwow,wow
20000122,wooooooooooow,wow
20000126,wowwwwwwwww,wow
20000131,woww,wow
21000000,superrrrrrr,super
21000001,supeeer,super
21000002,superrrrrrrrrrr,super
21000003,supeeeeeeeeeer,super
21000004,supeeeeer,super
21000005,supeeeeeeeer,super
21000006,suuuuuper,super
21000007,suppppppppppper,super
21000008,supppppppppppper,super
21000009,sssssssssssssuper,super
21000010,supeeeeeeeeeeeeer,super
21000011,suuper,super
21000012,ssssuper,super
21000013,superrrrr,super
21000014,ssssssssuper,super
21000015,supeeeeeer,super
21000016,suuuuuuuuuuper,super
21000017,suuuuper,super
21000018,sssuper,super
21000020,ssssssssssssssuper,super
21000021,suuuuuuuuuper,super
21000022,supppper,super
21000026,ssuper,super
21000027,suuuuuuuuuuuuuuuper,super
21000029,supeeeeeeeeeeeeeer,super
21000031,suuuuuuuuuuuuper,super
21000033,suuuuuuper,super
21000037,supeeeeeeeeeeer,super
21000038,suppppper,super
21000039,suuuuuuuuuuuuuuper,super
21000041,sssssuper,super
21000046,superr,super
21000047,suuuuuuuuuuuper,super
21000049,sssssssssssssssuper,super
21000050,supeeeeeeeeer,super
21000051,superrrrrrrr,super
21000052,supppppper,super
21000053,superrrrrrrrrrrrrrr,super
21000054,suuuper,super
21000056,suppppppper,super
21000058,suppppppppper,super
21000059,supppppppper,super
21000062,suppppppppppppppper,super
21000065,superrrrrrrrrr,super
21000066,superrr,super
21000067,superrrrrr,super
21000069,ssssssuper,super
21000072,suuuuuuuper,super
21000073,supeer,super
21000080,supeeeeeeeeeeeer,super
21000082,superrrrrrrrrrrrrr,super
21000083,sssssssssssuper,super
21000088,sssssssuper,super
21000099,superrrr,super
21000100,superrrrrrrrrrrrr,super
21000101,supppppppppppppper,super
21000103,supeeeeeeeeeeeeeeer,super
21000105,suppppppppppppper,super
21000107,ssssssssssuper,super
21000109,ssssssssssssuper,super
21000120,superrrrrrrrrrrr,super
21000121,sssssssssuper,super
21000122,supppppppppper,super
21000129,suppper,super
21000134,suuuuuuuuper,super
21000138,supeeeeeeer,super
21000152,supper,super
21000191,suuuuuuuuuuuuuper,super
21000226,superrrrrrrrr,super
21000228,supeeeer,super
22000000,tassssty,tasty
22000001,tasttttttty,tasty
22000002,tastyyyyy,tasty
22000003,tastttttttttttty,tasty
22000004,tastyyyyyyyyyyyyy,tasty
22000005,tasssty,tasty
22000006,taaaaaaaaaaaaasty,tasty
22000007,tastttttttttty,tasty
22000008,tassssssssssty,tasty
22000009,tttttttasty,tasty
22000010,tasssssssssssty,tasty
22000011,ttasty,tasty
22000012,tassssssssty,tasty
22000013,tasttty,tasty
22000014,tastyyyyyyy,tasty
22000015,tastyyy,tasty
22000016,tastttttty,tasty
22000018,tasssssssssssssssty,tasty
22000020,tasttttttttttttty,tasty
22000021,tassssssty,tasty
22000022,taaaaaasty,tasty
22000024,ttttttttasty,tasty
22000025,tasttttttttttttttty,tasty
22000026,taaaaaaasty,tasty
22000027,tastttttttttttttty,tasty
22000029,tastyyyyyyyyyyy,tasty
22000033,tastyyyyyyyyyy,tasty
22000034,tastyyyyyy,tasty
22000035,tastyy,tasty
22000036,tassssssssssssssty,tasty
22000037,tasssssty,tasty
22000038,ttttttttttttasty,tasty
22000039,taasty,tasty
22000041,taaaaaaaaaaaaaasty,tasty
22000042,tasttttttttty,tasty
22000044,tastttttttty,tasty
22000045,tastty,tasty
22000046,tttttttttttasty,tasty
22000047,taaasty,tasty
22000049,tttttttttttttasty,tasty
22000050,tastttty,tasty
22000052,taaaaaaaaaaaaaaasty,tasty
22000055,tasssssssssssssty,tasty
22000058,ttttttttttasty,tasty
22000062,tassssssssssssty,tasty
22000066,taaaaaaaaaaasty,tasty
22000069,taaaasty,tasty
22000072,taaaaaaaaasty,tasty
22000077,tttttttttttttttasty,tasty
22000080,ttttttasty,tasty
22000085,ttttttttttttttasty,tasty
22000087,tastyyyyyyyyyyyyyyy,tasty
22000091,tastyyyyyyyyy,tasty
22000094,tasssssssty,tasty
22000097,taaaaaaaaaasty,tasty
22000099,taaaaasty,tasty
22000107,tasssssssssty,tasty
22000113,taaaaaaaaaaaasty,tasty
22000115,tttttasty,tasty
22000116,tasttttttttttty,tasty
22000120,tastyyyyyyyy,tasty
22000132,tttttttttasty,tasty
22000135,tastyyyyyyyyyyyy,tasty
22000141,taaaaaaaasty,tasty
22000147,tasttttty,tasty
22000159,ttttasty,tasty
22000164,tastyyyy,tasty
22000167,tastyyyyyyyyyyyyyy,tasty
22000211,tttasty,tasty
22000472,tassty,tasty
23000000,aweeeesome,awesome
23000001,aaawesome,awesome
23000002,awesoooooooome,awesome
23000003,awesomme,awesome
23000004,awwwwwwwwwwwwesome,awesome
23000005,awesommmmmmme,awesome
23000006,aaaaaaawesome,awesome
23000007,awesooooooome,awesome
23000008,awesommmmmmmmmmmme,awesome
23000010,awwwwwwwwwwwwwesome,awesome
23000011,awesooooooooooooome,awesome
23000012,aaaaaaaaaaawesome,awesome
23000013,awesooooooooome,awesome
23000014,aweeeeeeeeeeeeesome,awesome
23000015,aweeeeeeeeeeeeeesome,awesome
23000016,awesoooome,awesome
23000017,awesomeeeeeeeeeeeeee,awesome
23000018,awesomeeeeeeeeee,awesome
23000019,aweeeeesome,awesome
23000020,aaaaaaaaaaaaawesome,awesome
23000021,aweeeeeesome,awesome
23000022,awesssssssssssssssome,awesome
23000023,aweeeeeeeeeeesome,awesome
23000024,awesssssssome,awesome
23000025,aweeeeeeeesome,awesome
23000026,awessssssome,awesome
23000028,awesomeeeeeeee,awesome
23000029,awwwwwwwwesome,awesome
23000030,awwwwwwwwwwesome,awesome
23000031,awesomeee,awesome
23000032,awwwwwwwwwwwwwwwesome,awesome
23000033,awesoooooome,awesome
23000035,awwwesome,awesome
23000038,awesoome,awesome
23000040,awesooooome,awesome
23000041,awesomeeeeeeeee,awesome
23000042,awesomeeee,awesome
23000043,awwwwwwwwwwwwwwesome,awesome
23000047,awesoooooooooooooome,awesome
23000048,aaaawesome,awesome
23000049,awesommmmmmmmmmmmmmme,awesome
23000051,aaaaaaaaaaaawesome,awesome
23000052,awesommmmmme,awesome
23000053,awesssome,awesome
23000054,awessome,awesome
23000055,awesomeeeeeeeeeeee,awesome
23000056,awessssome,awesome
23000058,aaaaawesome,awesome
23000062,awwwwwwesome,awesome
23000065,awesooome,awesome
23000068,awesssssome,awesome
23000069,awesomee,awesome
23000074,awesomeeeeeeeeeeeeeee,awesome
23000075,aaaaaaaaawesome,awesome
23000078,awesomeeeeeee,awesome
23000081,aweeeeeeeeeeeesome,awesome
23000085,awwwwwwwwwwwesome,awesome
23000086,awesoooooooooooome,awesome
23000089,aaaaaaaaaawesome,awesome
23000090,aaaaaawesome,awesome
23000094,awwwwwwwesome,awesome
23000102,aweeeeeeeeesome,awesome
23000103,awesommmmmmmmme,awesome
23000104,awesssssssssssssome,awesome
23000116,awesommmmmmmmmmmmme,awesome
23000117,awessssssssssssssome,awesome
23000119,awesomeeeeee,awesome
23000127,aweeeeeeesome,awesome
23000132,awwesome,awesome
23000142,awesommmme,awesome
23000151,awwwwwwwwwesome,awesome
23000156,awesomeeeee,awesome
23000157,aaaaaaaaaaaaaaawesome,awesome
23000158,awesssssssssome,awesome
23000164,awesommmmmmmme,awesome
23000172,awessssssssssome,awesome
23000178,awesomeeeeeeeeeeeee,awesome
23000179,awesommmmme,awesome
23000183,aweeesome,awesome
23000186,awesooooooooooooooome,awesome
23000189,awesommmmmmmmmmmmmme,awesome
23000202,aaaaaaaaaaaaaawesome,awesome
23000227,aweeeeeeeeeesome,awesome
23000228,awesoooooooooome,awesome
23000250,awwwwesome,awesome
23000274,awesommmmmmmmmme,awesome
23000278,awessssssssome,awesome
23000279,awessssssssssssome,awesome
23000283,awesomeeeeeeeeeee,awesome
23000291,awesssssssssssome,awesome
23000293,aawesome,awesome
23000300,awesommme,awesome
23000320,aweeeeeeeeeeeeeeesome,awesome
23000323,awesooooooooooome,awesome
23000339,awesommmmmmmmmmme,awesome
23000354,aweesome,awesome
23000380,aaaaaaaawesome,awesome
23000424,awwwwwesome,awesome
24000000,perfecccccccccccccct,perfect
24000001,ppppppppppppperfect,perfect
24000002,peeeeeeeeeeeeeerfect,perfect
24000003,perfeeeeeeeeeeeeeeect,perfect
24000004,perfecccct,perfect
24000005,perfffffffffffffect,perfect
24000006,peeeeeeeeeeeeerfect,perfect
24000007,perffffffffffffffect,perfect
24000008,perffffffffffect,perfect
24000009,perfeeeeeect,perfect
24000010,perffffffffffffect,perfect
24000011,ppppppperfect,perfect
24000012,perfecccccccccct,perfect
24000013,perfectttttttttttt,perfect
24000016,ppppppppppperfect,perfect
24000019,perfeccccccccccct,perfect
24000020,perfecttt,perfect
24000021,perfffffffffect,perfect
24000022,perfeeeeeeeeeeect,perfect
24000023,peeeeeeeeeeeerfect,perfect
24000025,perfecccccccct,perfect
24000026,perrrrrrrrrrrfect,perfect
24000027,perrrfect,perfect
24000028,perfeccccccccct,perfect
24000029,perrfect,perfect
24000030,perfecttttttttttttt,perfect
24000031,perfectttttt,perfect
24000034,perfeeeeeeeeeeeeeect,perfect
24000035,peeeeeeeeeerfect,perfect
24000036,perrrrrfect,perfect
24000038,perrrrrrrrrrrrrfect,perfect
24000039,perfffffffect,perfect
24000040,perffffect,perfect
24000042,perfecccccccccccct,perfect
24000045,perfeeeeeeeeeect,perfect
24000046,pppppppperfect,perfect
24000048,ppppperfect,perfect
24000050,perfectttttttttttttt,perfect
24000051,pppppppppppperfect,perfect
24000052,perfeeect,perfect
24000053,ppperfect,perfect
24000054,perrrrrrrrrfect,perfect
24000055,perfeeeeeeeect,perfect
24000056,perrrrrrrrrrrrfect,perfect
24000057,perfffect,perfect
24000058,peeeeeerfect,perfect
24000059,perfecttttttttt,perfect
24000060,perfeeeeect,perfect
24000061,peeeeerfect,perfect
24000063,perrrrrrrrrrrrrrfect,perfect
24000064,perrrrfect,perfect
24000067,perfeeeect,perfect
24000069,perffffffect,perfect
24000070,perrrrrrfect,perfect
24000071,perrrrrrrrrrfect,perfect
24000072,perfeccccccct,perfect
24000074,peeeeeeeeerfect,perfect
24000075,perfffffffffffffffect,perfect
24000076,perfeeeeeeeeeeeect,perfect
24000077,perfffffffffffect,perfect
24000082,perfeeeeeeect,perfect
24000083,perfectttttttttt,perfect
24000092,pppppperfect,perfect
24000093,peeeeeeeeeeeeeeerfect,perfect
24000094,perffect,perfect
24000095,perfecccccct,perfect
24000096,perfeccccccccccccccct,perfect
24000099,perfffffect,perfect
24000101,perfectttttttt,perfect
24000102,perfeeeeeeeeect,perfect
24000104,peeerfect,perfect
24000109,perfeccccccccccccct,perfect
24000111,peeeeeeeeeeerfect,perfect
24000114,perfecct,perfect
24000115,perfectttt,perfect
24000116,peeeeeeerfect,perfect
24000119,perfecttttttt,perfect
24000123,perrrrrrrfect,perfect
24000131,pppppppppppppperfect,perfect
24000145,peerfect,perfect
24000148,pppperfect,perfect
24000152,perrrrrrrrrrrrrrrfect,perfect
24000158,perfecttttttttttt,perfect
24000160,peeeeeeeerfect,perfect
24000163,perfeccct,perfect
24000183,perfecttttt,perfect
24000186,perfectt,perfect
24000189,ppppppppppppppperfect,perfect
24000202,ppppppppperfect,perfect
24000234,perfeccccct,perfect
24000238,pperfect,perfect
24000266,perrrrrrrrfect,perfect
24000286,perfeeeeeeeeeeeeect,perfect
24000295,peeeerfect,perfect
24000296,perffffffffect,perfect
24000304,perfeect,perfect
24000374,pppppppppperfect,perfect
24000472,perfecttttttttttttttt,perfect
25000000,excellentttttttt,excellent
25000001,exccccellent,excellent
25000002,eeeeexcellent,excellent
25000003,exceeeeeeeeeeellent,excellent
25000004,excellennnnnnnnnnnnnnnt,excellent
25000005,excelllllent,excellent
25000007,excelleeeeeeeeeeeeeeent,excellent
25000008,excellllllllllent,excellent
25000009,excellllllent,excellent
25000010,excellennnt,excellent
25000011,excelllllllllllent,excellent
25000012,excelleeeeeeeeeeent,excellent
25000013,exxxxxxxxxxxxcellent,excellent
25000014,excelllent,excellent
25000016,eeeeeeeexcellent,excellent
25000017,excellentttttttttttttt,excellent
25000018,eeeeeeeeeeeexcellent,excellent
25000020,excellllllllllllent,excellent
25000021,exccccccccccccellent,excellent
25000022,excellentt,excellent
25000023,exceeeeeeeellent,excellent
25000025,excellennnnnnnnnnt,excellent
25000026,excccccccellent,excellent
25000027,excellllllllllllllent,excellent
25000028,exceeeellent,excellent
25000029,excellenttttttttttttt,excellent
25000031,excellennnnnnnnnnnnnt,excellent
25000034,excellenttttttttt,excellent
25000035,excelleeeeeeeeeeeent,excellent
25000036,excelleeeeeeeeeent,excellent
25000037,exccccccccccccccellent,excellent
25000038,exxxxxxxxxxxxxcellent,excellent
25000040,exxxxxxxxxxxcellent,excellent
25000041,eexcellent,excellent
25000042,exxxxxxxcellent,excellent
25000045,exxxxxxxxxxxxxxxcellent,excellent
25000046,exxxxxxxxxcellent,excellent
25000047,exxcellent,excellent
25000049,eeexcellent,excellent
25000050,excellennnnnnnnnnnnnnt,excellent
25000051,excccccellent,excellent
25000052,exceeeeeeellent,excellent
25000053,exceeellent,excellent
25000054,eeeexcellent,excellent
25000057,excelllllllllllllent,excellent
25000058,excelleent,excellent
25000060,excellennnnnnt,excellent
25000062,excellllllllllllllllent,excellent
25000063,excelleeent,excellent
25000064,exceeeeeeeeeellent,excellent
25000065,excellennnnnnnt,excellent
25000066,exccellent,excellent
25000067,excelleeeent,excellent
25000068,excellentttttt,excellent
25000071,eeeeeeeeexcellent,excellent
25000072,excccccccccccellent,excellent
25000073,excellllent,excellent
25000075,exxxcellent,excellent
25000080,exxxxxcellent,excellent
25000083,excellentttt,excellent
25000085,excelllllllllent,excellent
25000086,exxxxxxcellent,excellent
25000089,excelleeeeeeeeeeeeent,excellent
25000091,excelleeeeent,excellent
25000092,eeeeeeexcellent,excellent
25000094,exxxxxxxxxxcellent,excellent
25000097,excelllllllent,excellent
25000100,exxxxxxxxcellent,excellent
25000101,excelleeeeeeeent,excellent
25000107,exceeeeeeeeellent,excellent
25000108,eeeeeeeeeeeeeeexcellent,excellent
25000110,exxxxcellent,excellent
25000111,excellennnnt,excellent
25000115,excellenttttt,excellent
25000119,excellentttttttttttt,excellent
25000121,exceeeeeeeeeeeellent,excellent
25000122,excellennnnnnnnnnnt,excellent
25000125,excccellent,excellent
25000128,exceeeeeeeeeeeeeeellent,excellent
25000131,excellennnnnnnnt,excellent
25000133,excelleeeeeeeeeeeeeent,excellent
25000145,excellentttttttttt,excellent
25000147,eeeeeeeeeeeeexcellent,excellent
25000151,eeeeeeeeeeexcellent,excellent
25000153,excellenttttttttttt,excellent
25000154,excellennnnnt,excellent
25000157,excelllllllllllllllent,excellent
25000159,excellenttttttt,excellent
25000165,excellenttt,excellent
25000174,eeeeeeeeeeeeeexcellent,excellent
25000175,exceeeeeeeeeeeeellent,excellent
25000192,exceeeeeellent,excellent
25000200,excelleeeeeeent,excellent
25000201,excccccccccccccellent,excellent
25000207,excellennnnnnnnnnnnt,excellent
25000238,excellenttttttttttttttt,excellent
25000241,excellennt,excellent
25000248,excellennnnnnnnnt,excellent
25000279,exceeeeeeeeeeeeeellent,excellent
25000282,excccccccccellent,excellent
25000286,excelleeeeeent,excellent
25000304,exceeeeellent,excellent
25000308,eeeeeeeeeexcellent,excellent
25000343,excellllllllent,excellent
25000344,exccccccccccellent,excellent
25000348,exxxxxxxxxxxxxxcellent,excellent
25000350,excelleeeeeeeeent,excellent
25000362,exceellent,excellent
25000387,eeeeeexcellent,excellent
25000422,excccccccccccccccellent,excellent
25000459,exccccccccellent,excellent
25000573,exccccccellent,excellent
27000000,cutttttttttttte,cute
27000001,cccccccute,cute
27000002,cuteee,cute
27000003,cuttttte,cute
27000005,cuteeeeeeeeee,cute
27000007,cuuuute,cute
27000008,cuuuuute,cute
27000010,cuttttttttttttte,cute
27000011,cuuute,cute
27000012,ccute,cute
27000013,cuteeeeeeee,cute
27000015,cuuuuuuuuute,cute
27000018,cuteeeeeeeeeeeeee,cute
27000019,ccccccccccccute,cute
27000021,cuteeeeeeeeeeee,cute
27000022,cutttttte,cute
27000023,cuttte,cute
27000024,cutttttttte,cute
27000025,cuteeeeeeeeeeeeeee,cute
27000026,cuuuuuuuuuuute,cute
27000027,ccccute,cute
27000030,ccccccute,cute
27000031,cccccute,cute
27000032,cutttte,cute
27000035,cccccccccute,cute
27000037,cuuuuuuuuuuuuuute,cute
27000043,cccute,cute
27000044,cuteeeee,cute
27000045,cuuuuuute,cute
27000047,cuuuuuuute,cute
27000048,cuuuuuuuuuuuuuuute,cute
27000049,cuute,cute
27000052,cuteeeeeeeeeee,cute
27000053,cuteeeeee,cute
27000054,cuttttttttte,cute
27000056,cuteeee,cute
27000057,cuttttttte,cute
27000059,ccccccccute,cute
27000060,cuttttttttttte,cute
27000061,cutee,cute
27000065,cuuuuuuuute,cute
27000067,cuuuuuuuuuuuuute,cute
27000068,cutte,cute
27000069,cccccccccccute,cute
27000071,cuttttttttttttttte,cute
27000076,cutttttttttttttte,cute
27000091,cuuuuuuuuuuuute,cute
27000095,cccccccccccccute,cute
27000100,cuteeeeeeeeeeeee,cute
27000103,cuteeeeeee,cute
27000113,ccccccccccccccute,cute
27000116,cutttttttttte,cute
27000124,ccccccccccute,cute
27000132,cccccccccccccccute,cute
27000143,cuteeeeeeeee,cute
27000149,cuuuuuuuuuute,cute
28000000,haaaaaaappy,happy
28000001,haaaaappy,happy
28000002,happpy,happy
28000003,happpppppppppppppy,happy
28000004,happyy,happy
28000005,hhhhhhhhhappy,happy
28000006,happppppppppppy,happy
28000007,happpppy,happy
28000008,happppy,happy
28000009,hhhhhhhhhhappy,happy
28000010,haaaaaaaaaaaaaaappy,happy
28000011,happppppppppppppppy,happy
28000012,happyyyyy,happy
28000013,happppppppy,happy
28000015,happyyy,happy
28000016,hhhhhhhhhhhhhhhappy,happy
28000019,haaaaaaaaaaaaappy,happy
28000020,happpppppy,happy
28000021,haaappy,happy
28000023,happyyyyyyyyyyyyy,happy
28000024,hhhappy,happy
28000025,haaaaaaaaappy,happy
28000026,haaaaaaaaaaappy,happy
28000027,hhhhappy,happy
28000029,happpppppppy,happy
28000030,haaaappy,happy
28000032,happppppppppppppy,happy
28000035,happppppppppy,happy
28000036,happpppppppppppy,happy
28000037,happppppy,happy
28000044,hhhhhhhhhhhappy,happy
28000045,happpppppppppy,happy
28000047,hhappy,happy
28000053,happyyyyyy,happy
28000054,hhhhhhhhhhhhappy,happy
28000055,haaaaaaaappy,happy
28000056,haaaaaappy,happy
28000059,hhhhhhhhhhhhhappy,happy
28000064,happyyyyyyyyyy,happy
28000065,hhhhhhappy,happy
28000069,happyyyyyyyyyyyy,happy
28000071,haappy,happy
28000079,hhhhhappy,happy
28000080,happyyyyyyyyyyyyyy,happy
28000084,hhhhhhhhhhhhhhappy,happy
28000089,happyyyyyyy,happy
28000112,haaaaaaaaaaaaaappy,happy
28000139,happyyyyyyyyyyy,happy
28000154,happyyyyyyyy,happy
28000157,haaaaaaaaaappy,happy
28000167,hhhhhhhappy,happy
28000170,happyyyyyyyyy,happy
28000193,haaaaaaaaaaaappy,happy
28000196,hhhhhhhhappy,happy
28000266,happyyyy,happy
28000267,happyyyyyyyyyyyyyyy,happy
29000000,yeeeees,yes
29000001,yees,yes
29000003,yyyes,yes
29000004,yesssssssss,yes
29000006,yyes,yes
29000008,yessssssssssssss,yes
29000009,yyyyyyyyyyyyyyes,yes
29000011,yyyyes,yes
29000012,yeeeeeeeeeeeees,yes
29000013,yessss,yes
29000014,yyyyyyes,yes
29000015,yess,yes
29000017,yyyyyyyyes,yes
29000021,yeeeeeeeees,yes
29000022,yeeeeeeeeeeeeees,yes
29000023,yesssssssssssssss,yes
29000024,yyyyyyyyyyyyyyyes,yes
29000025,yeeeeeeeeees,yes
29000027,yeeeeeeeeeeeeeees,yes
29000028,yesssss,yes
29000031,yessssssssssss,yes
29000033,yesss,yes
29000036,yesssssssssss,yes
29000040,yeees,yes
29000043,yeeeeeeeeeees,yes
29000046,yyyyyyyyyyyes,yes
29000049,yesssssssssssss,yes
29000050,yessssssss,yes
29000054,yessssss,yes
29000068,yesssssss,yes
29000079,yyyyyyyyyes,yes
29000086,yessssssssss,yes
29000088,yeeeeees,yes
29000091,yyyyyyyes,yes
29000092,yeeeeeees,yes
29000094,yeeees,yes
29000099,yeeeeeeeeeeees,yes
29000109,yyyyyes,yes
29000113,yyyyyyyyyyyyyes,yes
29000114,yeeeeeeees,yes
29000115,yyyyyyyyyyyyes,yes
29000119,yyyyyyyyyyes,yes
30000000,hugeeeeeeeee,huge
30000001,hhhhhhhhuge,huge
30000002,huuuuuuuuuuge,huge
30000003,hugeeeeeeeeeeeee,huge
30000004,hhhhuge,huge
30000005,hhhhhhhhhhhhhhhuge,huge
30000006,hugeeeeee,huge
30000007,hhuge,huge
30000008,hhhhhuge,huge
30000010,huuge,huge
30000011,hugeeeeeeeeeeeeee,huge
30000012,hugeeeeeeee,huge
30000013,huuuuuuuuuuuuuuuge,huge
30000015,huggggggggggge,huge
30000016,huuuuuge,huge
30000017,huuuuuuuuge,huge
30000018,huuuuuuuuuuuuuge,huge
30000019,hugggge,huge
30000020,hhhhhhhuge,huge
30000023,hugeeeeeeeeee,huge
30000024,huggggge,huge
30000025,hhhhhhhhhhhhuge,huge
30000027,huggggggggggggge,huge
30000028,hugeeeeeeeeeeeeeee,huge
30000029,huuuuuuge,huge
30000030,hugggggggggge,huge
30000032,hhhhhhhhhhhhhuge,huge
30000036,hhhhhhhhhhuge,huge
30000037,huuuuuuuuuge,huge
30000041,huuuuuuuuuuuuuuge,huge
30000042,huggggggge,huge
30000043,hugeeeeeeeeeee,huge
30000045,hugggggge,huge
30000051,huggggggggggggggge,huge
30000052,hhhhhhuge,huge
30000054,hhhhhhhhhuge,huge
30000057,huuuuuuuuuuuge,huge
30000058,huggggggggge,huge
30000059,hugggggggge,huge
30000062,hugeee,huge
30000066,hugggggggggggge,huge
30000073,hugggggggggggggge,huge
30000076,hugeeeeeee,huge
30000077,huuuuuuuuuuuuge,huge
30000078,hhhuge,huge
30000081,hugee,huge
30000083,huuuge,huge
30000085,hhhhhhhhhhhhhhuge,huge
30000090,hhhhhhhhhhhuge,huge
30000091,hugeeeee,huge
30000109,hugeeee,huge
30000122,huuuuuuuge,huge
30000146,hugeeeeeeeeeeee,huge
30000152,hugge,huge
30000174,huggge,huge
30000381,huuuuge,huge
31000000,sexxxxxxxxxy,sexy
31000001,sexxy,sexy
31000002,sexyyyyyy,sexy
31000003,ssssssssssssssexy,sexy
31000005,seeeeeeeeeexy,sexy
31000006,sexxxy,sexy
31000007,sexxxxxxxy,sexy
31000008,sexyyyyyyyyyyyyyy,sexy
31000009,seeeeeeeexy,sexy
31000012,sssssssexy,sexy
31000013,sexxxxxxy,sexy
31000014,sexyy,sexy
31000015,ssssssssssexy,sexy
31000016,ssssexy,sexy
31000017,sssexy,sexy
31000018,sexxxxxxxxxxxxxxy,sexy
31000019,ssexy,sexy
31000021,sssssssssexy,sexy
31000023,sexyyyyyyyyy,sexy
31000024,seeeeeeeeeeeexy,sexy
31000025,seeeeeeeeexy,sexy
31000027,sexyyyyyyyyyyy,sexy
31000029,seeeeeexy,sexy
31000031,seeeeeeeeeeeeeexy,sexy
31000033,sssssssssssssexy,sexy
31000037,sexyyyyyyy,sexy
31000040,sssssssssssssssexy,sexy
31000044,sexxxxxxxxxxxxy,sexy
31000050,sexxxxy,sexy
31000052,sexyyyyyyyyyyyy,sexy
31000056,sexxxxxxxxxxxy,sexy
31000057,sexyyy,sexy
31000058,seexy,sexy
31000059,seeeeeeexy,sexy
31000061,ssssssssexy,sexy
31000063,seeexy,sexy
31000065,sexxxxxxxxxxxxxy,sexy
31000068,ssssssexy,sexy
31000069,seeeexy,sexy
31000076,sexyyyyyyyy,sexy
31000077,sexxxxxxxxxxy,sexy
31000089,sssssexy,sexy
31000092,sexyyyyyyyyyyyyy,sexy
31000093,sexyyyyyyyyyy,sexy
31000099,seeeeeeeeeeeeeeexy,sexy
31000100,ssssssssssssexy,sexy
31000105,seeeeeeeeeeeeexy,sexy
31000108,sexxxxxxxxy,sexy
31000110,sexxxxxxxxxxxxxxxy,sexy
31000112,sexxxxxy,sexy
31000115,seeeeeeeeeeexy,sexy
31000118,sexyyyyyyyyyyyyyyy,sexy
31000127,seeeeexy,sexy
31000147,sssssssssssexy,sexy
31000151,sexyyyyy,sexy
31000196,sexyyyy,sexy
32000000,ooooookay,okay
32000001,okaaaaaaay,okay
32000003,oooooooooookay,okay
32000004,okaaay,okay
32000005,okaaaaaaaaaaaaaaay,okay
32000006,okkkkkkkay,okay
32000007,ooookay,okay
32000008,okaaaaaaaaaaaaaay,okay
32000009,okaaaaaaaay,okay
32000010,okkkkkkkkkkkkkkay,okay
32000011,okaaaaaaaaaaay,okay
32000012,okaaaaaaaaaaaay,okay
32000013,okkkkay,okay
32000016,okaaaaaaaaaaaaay,okay
32000018,okayyyyyy,okay
32000019,okayyyyyyyyyyyyy,okay
32000020,okkkkkkkkkkkay,okay
32000021,okaay,okay
32000022,okkkay,okay
32000023,okkkkkkkkkkay,okay
32000024,okayyy,okay
32000025,okkkkkkkkkkkkkkkay,okay
32000026,okayyyyyyyy,okay
32000027,okayyyyyyyyyyyyyy,okay
32000030,oooooooooooooookay,okay
32000031,ooooooookay,okay
32000032,okaaaaaaaaay,okay
32000037,okaaaaaay,okay
32000041,okkkkkkkkkay,okay
32000046,ooooooooookay,okay
32000047,okayyyyyyyyyyyy,okay
32000048,okayyyyyyyyyyy,okay
32000049,ooooooooooookay,okay
32000051,ookay,okay
32000052,oookay,okay
32000053,okkkkkkay,okay
32000055,okaaaaaaaaaay,okay
32000056,okkkkkkkkkkkkkay,okay
32000065,okayyyy,okay
32000069,okkkkkay,okay
32000079,oooookay,okay
32000082,okayyyyyyyyy,okay
32000086,okkkkkkkkkkkkay,okay
32000089,oooooooooooookay,okay
32000090,okayyyyy,okay
32000094,okkkkkkkkay,okay
32000103,okayyyyyyy,okay
32000106,oooooookay,okay
32000116,okkay,okay
32000117,okaaaay,okay
32000134,ooooooooooooookay,okay
32000137,okayyyyyyyyyyyyyyy,okay
32000146,okayy,okay
32000147,okaaaaay,okay
32000162,oooooooookay,okay
32000175,okayyyyyyyyyy,okay
33000000,waaaaaste,waste
33000001,wassssssssssssssste,waste
33000002,wasssssssssste,waste
33000003,wasttte,waste
33000004,wasteeeeee,waste
33000005,wassssssssste,waste
33000006,wasteeeeeeeeee,waste
33000007,wasttttttttttttttte,waste
33000008,wasteeeee,waste
33000010,wwwwwwwaste,waste
33000011,waaaaaaaaaste,waste
33000013,waaaaste,waste
33000014,waaaste,waste
33000015,wasttttttttttte,waste
33000018,waaste,waste
33000019,wasttttttttte,waste
33000020,wastttte,waste
33000023,wwwwwwwwwwwwwwwaste,waste
33000024,wasssssssssssste,waste
33000027,wasssssste,waste
33000028,waaaaaaaaaaaaaaaste,waste
33000029,waaaaaaaaaaste,waste
33000030,wwwwwwaste,waste
33000032,wasssssssste,waste
33000033,waaaaaaaaaaaaste,waste
33000034,wassssssssssssste,waste
33000035,wwwwwwwwwaste,waste
33000036,wasteeeeeeeee,waste
33000037,wastttttttttte,waste
33000038,waaaaaaaaaaaste,waste
33000039,waaaaaaaste,waste
33000040,wwwwaste,waste
33000043,wasttttttte,waste
33000044,wwwwwwwwaste,waste
33000045,waaaaaaste,waste
33000048,wassssste,waste
33000049,wastte,waste
33000051,wastttttttttttttte,waste
33000052,wastee,waste
33000054,wastttttttte,waste
33000055,wasteeeeeeeeeeeee,waste
33000056,wasteeeeeeeeeeeeeee,waste
33000057,wwwwwwwwwwwwwaste,waste
33000058,waaaaaaaaaaaaaste,waste
33000059,wwwwwwwwwwwaste,waste
33000061,wasttttttttttttte,waste
33000063,wasteeee,waste
33000066,waaaaaaaaste,waste
33000076,wwwwwaste,waste
33000081,wassssssste,waste
33000082,wasssssssssssssste,waste
33000086,wassssssssssste,waste
33000088,wasteee,waste
33000089,wastttttttttttte,waste
33000094,wwwwwwwwwwaste,waste
33000105,wwaste,waste
33000108,wwwwwwwwwwwwwwaste,waste
33000113,wasttttte,waste
33000114,wasteeeeeeeeeeeeee,waste
33000119,waaaaaaaaaaaaaaste,waste
33000121,wassste,waste
33000128,wastttttte,waste
33000146,wasteeeeeeeeeee,waste
33000150,wwwaste,waste
33000163,wwwwwwwwwwwwaste,waste
33000172,wasteeeeeeeeeeee,waste
33000181,wasteeeeeeee,waste
33000188,wasste,waste
33000232,wasssste,waste
33000315,wasteeeeeee,waste
34000000,worrrse,worse
34000001,wooooooooooorse,worse
34000002,worseeeeeeee,worse
34000003,wwwwwwwworse,worse
34000004,worssse,worse
34000005,woooooooooorse,worse
34000006,worseeeeeeeeeeeeeee,worse
34000008,worssssssssssse,worse
34000010,worrse,worse
34000011,worsee,worse
34000012,worrrrrrrrrrse,worse
34000013,worssssssssssssssse,worse
34000014,worrrrrrrrrrrrrrse,worse
34000015,wwwwwwworse,worse
34000016,wwwwwwwwwwworse,worse
34000017,wwwwwwwwwwwwwworse,worse
34000020,wooooooooorse,worse
34000021,wwwwwwwwwwwworse,worse
34000022,wooorse,worse
34000023,worssssssse,worse
34000024,woooooorse,worse
34000025,worrrrrrrrrse,worse
34000028,worrrrse,worse
34000029,worrrrrrse,worse
34000031,worsssse,worse
34000032,wwwwwwwwworse,worse
34000033,worseeeeeeeeeeeee,worse
34000035,wooooooooooooorse,worse
34000037,worsse,worse
34000038,worrrrrrrrrrrrrse,worse
34000039,worseeeeeeeeee,worse
34000042,worrrrrrrrrrrrrrrse,worse
34000045,wwwwwwwwwworse,worse
34000046,worseeeeeeeeeee,worse
34000047,wwwwwwwwwwwwwwworse,worse
34000049,wooooooorse,worse
34000050,worsssssssssse,worse
34000051,woooorse,worse
34000053,wwwworse,worse
34000056,worrrrrrrrse,worse
34000057,worssssssssse,worse
34000058,worsssssssse,worse
34000060,worsssssssssssse,worse
34000063,wooooorse,worse
34000065,worseeeeee,worse
34000068,wwwwworse,worse
34000069,worrrrrse,worse
34000070,worseeeeeeeeeeee,worse
34000071,worseeeeeeeee,worse
34000074,wooooooooooooooorse,worse
34000077,worseeeee,worse
34000078,worseeeeeeeeeeeeee,worse
34000079,wwwwwworse,worse
34000081,wwwwwwwwwwwwworse,worse
34000087,woooooooorse,worse
34000102,worssssse,worse
34000105,wworse,worse
34000114,wwworse,worse
34000119,worsssssssssssssse,worse
34000126,worseee,worse
34000143,worrrrrrrse,worse
34000146,woooooooooooooorse,worse
34000154,worssssssssssssse,worse
34000157,worrrrrrrrrrrse,worse
34000159,worsssssse,worse
34000170,worrrrrrrrrrrrse,worse
34000197,worseeeeeee,worse
34000205,woooooooooooorse,worse
34000233,worseeee,worse
34000241,woorse,worse
35000000,hhhhhhhhhorrible,horrible
35000001,horrrrrrrrrrrible,horrible
35000002,horrrible,horrible
35000003,horribbbbbbbbbble,horrible
35000004,horrrrrrrrible,horrible
35000005,horriiiible,horrible
35000006,horrrrrrrrrrible,horrible
35000007,hoorrible,horrible
35000008,hhhhhhhhhhhhhhhorrible,horrible
35000009,horrrrible,horrible
35000010,horribbbbbbbbbbbble,horrible
35000011,horribble,horrible
35000012,hoooooooooooooorrible,horrible
35000013,horriiiiiible,horrible
35000015,horriblllle,horrible
35000016,horribbbbble,horrible
35000017,horribleeeeee,horrible
35000018,horrrrrrrible,horrible
35000021,horribleee,horrible
35000022,horriiiiiiible,horrible
35000023,horribbbbbbbble,horrible
35000025,horriblllllllle,horrible
35000026,hhhorrible,horrible
35000027,horrrrrrrrrrrrrrible,horrible
35000028,horribleeeeeee,horrible
35000029,horribbbbbbbbbbbbbble,horrible
35000030,horribleeeee,horrible
35000031,horriblllllllllle,horrible
35000032,horribleeeeeeeeeeeee,horrible
35000033,horribbbbbble,horrible
35000034,horrrrrible,horrible
35000035,hoooorrible,horrible
35000037,horrrrrrible,horrible
35000038,hooooooorrible,horrible
35000040,hhhhorrible,horrible
35000042,hhhhhhhhhhhhhhorrible,horrible
35000043,horribleeeeeeeeee,horrible
35000044,hooooooooooooooorrible,horrible
35000045,hoooooooooooorrible,horrible
35000046,horriiiiiiiiiiiiible,horrible
35000050,horribbbbbbbbbbbbbbble,horrible
35000053,horrrrrrrrrrrrrrrrible,horrible
35000055,horribbbbbbbbbbble,horrible
35000057,hhhhhhhorrible,horrible
35000058,horribleeeeeeeeeeee,horrible
35000059,hoooooooorrible,horrible
35000060,horriiiiiiiible,horrible
35000062,horriiiiiiiiiible,horrible
35000063,hhhhhhhhhhhhhorrible,horrible
35000067,horribbbble,horrible
35000069,horriiiiiiiiiiible,horrible
35000071,horribllllllllllle,horrible
35000076,horrrrrrrrrrrrrrrible,horrible
35000080,horrrrrrrrrible,horrible
35000081,hoooooorrible,horrible
35000084,horriiiiiiiiiiiiiiible,horrible
35000085,horriblee,horrible
35000087,horribllllllllllllle,horrible
35000088,horribbbbbbbbbbbbble,horrible
35000089,hooooooooooorrible,horrible
35000093,horrrrrrrrrrrrible,horrible
35000094,horribleeeeeeeeeeeeee,horrible
35000098,hooooooooooooorrible,horrible
35000102,horribllllllllle,horrible
35000103,horribleeeeeeeeeee,horrible
35000106,hooooooooorrible,horrible
35000110,hhhhhorrible,horrible
35000111,horribleeeeeeeeeeeeeee,horrible
35000118,horriiiiible,horrible
35000125,horriiiiiiiiiiiible,horrible
35000126,horriiiiiiiiible,horrible
35000128,horribllle,horrible
35000132,hhhhhhhhhhorrible,horrible
35000135,horrrrrrrrrrrrrible,horrible
35000142,horribllllllllllllllle,horrible
35000146,horribbbbbbbbble,horrible
35000149,horribbbbbbble,horrible
35000151,horriblllllllllllle,horrible
35000152,horribbble,horrible
35000154,hhhhhhhhhhhorrible,horrible
35000155,horriible,horrible
35000158,hhhhhhorrible,horrible
35000166,horriblllllllllllllle,horrible
35000168,hooooorrible,horrible
35000169,horriiiiiiiiiiiiiible,horrible
35000173,horribleeeeeeee,horrible
35000174,hhhhhhhhorrible,horrible
35000185,hhhhhhhhhhhhorrible,horrible
35000187,horribllllle,horrible
35000215,hhorrible,horrible
35000218,horriiible,horrible
35000246,hoooooooooorrible,horrible
35000271,hooorrible,horrible
35000286,horriblle,horrible
35000318,horribllllllle,horrible
35000330,horribleeee,horrible
35000340,horribleeeeeeeee,horrible
35000540,horriblllllle,horrible
36000000,yummyyyy,yummy
36000001,yyyyyyyyyyyyyyyummy,yummy
36000002,yyyyyyyyyyyyyummy,yummy
36000003,yuuuuuuuuuuuuuummy,yummy
36000004,yummyyyyy,yummy
36000005,yummyyyyyyy,yummy
36000006,yummmmmmmmy,yummy
36000007,yyyummy,yummy
36000008,yummmmmmmmmy,yummy
36000010,yummmmmmy,yummy
36000011,yummyyyyyyyyyyy,yummy
36000012,yyyyyyyyyummy,yummy
36000013,yummmmmmmmmmmmmy,yummy
36000014,yuuuuuuummy,yummy
36000017,yummyyyyyyyy,yummy
36000018,yuuuuummy,yummy
36000019,yummyyyyyyyyyy,yummy
36000020,yummmmmmmmmmmmmmmmy,yummy
36000021,yuuuummy,yummy
36000023,yummmmmmmmmmmmy,yummy
36000026,yummmmmmmmmmmy,yummy
36000028,yyyyyummy,yummy
36000029,yuuuuuummy,yummy
36000030,yyyyyyummy,yummy
36000031,yyyyyyyyyyyyyyummy,yummy
36000036,yuuuuuuuuuuuuuuummy,yummy
36000038,yummmmmmmmmmy,yummy
36000039,yuuuuuuuuuummy,yummy
36000040,yummyyyyyyyyy,yummy
36000044,yyyyyyyyyyyummy,yummy
36000045,yuuummy,yummy
36000050,yyyyyyyyyyyyummy,yummy
36000052,yyyyyyyummy,yummy
36000056,yummmmmmmy,yummy
36000058,yummyy,yummy
36000059,yummmmmy,yummy
36000064,yyyyummy,yummy
36000066,yummyyyyyyyyyyyyy,yummy
36000069,yummmmy,yummy
36000072,yyyyyyyyummy,yummy
36000074,yummmy,yummy
36000078,yummmmmmmmmmmmmmmy,yummy
36000079,yuuuuuuuummy,yummy
36000085,yummyyyyyyyyyyyyyy,yummy
36000087,yyummy,yummy
36000097,yuuuuuuuuuuuuummy,yummy
36000099,yuummy,yummy
36000100,yuuuuuuuuummy,yummy
36000102,yummmmmmmmmmmmmmy,yummy
36000109,yyyyyyyyyyummy,yummy
36000117,yummyyyyyyyyyyyy,yummy
36000123,yuuuuuuuuuuummy,yummy
36000128,yummyyy,yummy
36000155,yuuuuuuuuuuuummy,yummy
36000191,yummyyyyyyyyyyyyyyy,yummy
36000343,yummyyyyyy,yummy
37000000,wwwwwoo,woo
37000001,wooooooooo,woo
37000002,wooooooooooo,woo
37000003,wooooo,woo
37000004,wwwwoo,woo
37000006,wooooooo,woo
37000007,woooooooooooo,woo
37000008,wwwwwwwwwwwwwoo,woo
37000009,wwwwwwwwwwwwwwwoo,woo
37000011,wooooooooooooooo,woo
37000012,wwwwwwwoo,woo
37000013,woooooooooooooooo,woo
37000014,woooooooo,woo
37000015,wwwwwwwwwwwoo,woo
37000017,wooo,woo
37000025,woooooooooooooo,woo
37000028,wwwwwwwwoo,woo
37000029,wwwwwwwwwoo,woo
37000036,woooooo,woo
37000037,wwwwwwoo,woo
37000042,wwoo,woo
37000044,woooo,woo
37000051,woooooooooo,woo
37000053,wwwwwwwwwwwwoo,woo
37000058,wwwwwwwwwwoo,woo
37000059,wooooooooooooo,woo
37000073,wwwwwwwwwwwwwwoo,woo
37000155,wwwoo,woo
38000000,wwwwwwwwwwwwwway,way
38000001,wwwwwwwwwwwwwwway,way
38000002,waaaaaaaaaay,way
38000003,wayyyyyyy,way
38000004,wwwwwwwwway,way
38000005,waaaaaaaaaaaay,way
38000006,wwwwwwwwwway,way
38000008,wayy,way
38000009,wayyyyyyyy,way
38000010,waaaaaaaaaaaaay,way
38000011,wwwwway,way
38000012,wayyyyyyyyyyyyy,way
38000013,wayyyyyyyyy,way
38000014,wayyyyyyyyyyyyyy,way
38000015,wwwwwwwwwwwway,way
38000016,wayyyyyyyyyyy,way
38000017,waaaaaay,way
38000018,waaay,way
38000023,waaaaaaaaay,way
38000024,wayyy,way
38000025,wayyyy,way
38000028,waaaaay,way
38000029,wway,way
38000030,wwwwwwwway,way
38000033,waay,way
38000035,wayyyyyyyyyy,way
38000038,waaaaaaaaaaaaaay,way
38000040,wwwwwwwwwwwwway,way
38000044,waaaaaaaay,way
38000048,wayyyyy,way
38000049,wwway,way
38000051,wwwwwwway,way
38000055,waaaaaaaaaaaaaaay,way
38000059,waaaaaaay,way
38000060,wwwway,way
38000062,wayyyyyy,way
38000072,waaaay,way
38000080,waaaaaaaaaaay,way
38000085,wwwwwwwwwwway,way
38000086,wayyyyyyyyyyyy,way
38000092,wwwwwway,way
38000117,wayyyyyyyyyyyyyyy,way
39000000,ssssssssssssssso,so
39000001,ssssso,so
39000002,ssso,so
39000003,soo,so
39000004,ssssssso,so
39000005,soooooo,so
39000006,soooooooooooooo,so
39000007,sso,so
39000009,soooooooo,so
39000012,sssssssssssso,so
39000014,soooooooooo,so
39000015,ssssssssssso,so
39000017,sooo,so
39000018,soooo,so
39000022,sssssssssssssso,so
39000023,ssssssssssssso,so
39000024,soooooooooooo,so
39000026,sssssssssso,so
39000029,sooooooooooooooo,so
39000031,sssssso,so
39000034,sooooooo,so
39000036,sooooooooooooo,so
39000037,sooooooooo,so
39000044,ssssssssso,so
39000057,sssso,so
39000062,sssssssso,so
39000090,sooooooooooo,so
39000138,sooooo,so
40000000,ughhhhhhhhhhhhh,ugh
40000002,uggggggh,ugh
40000003,ughhhhhhhhhhh,ugh
40000004,ughhhhhhhhhhhh,ugh
40000005,ughhhhhh,ugh
40000006,uggggggggggggggh,ugh
40000007,ughhhhhhhhh,ugh
40000008,uggggh,ugh
40000009,ugggggggggh,ugh
40000010,ugggggh,ugh
40000011,uuuugh,ugh
40000013,uuuuuuugh,ugh
40000014,ughhhh,ugh
40000015,ughhhhh,ugh
40000016,uuuuuuuuuuuugh,ugh
40000017,ughhhhhhh,ugh
40000018,uuuuuuuuuuuuuugh,ugh
40000019,uuuuuuuuugh,ugh
40000020,uggggggggh,ugh
40000021,ugggggggggggggggh,ugh
40000023,uuugh,ugh
40000028,uggggggggggh,ugh
40000029,ughhhhhhhhhhhhhh,ugh
40000038,ugggh,ugh
40000039,uuuuuuuuuuuuugh,ugh
40000041,ughhhhhhhhhhhhhhh,ugh
40000042,uugh,ugh
40000044,uuuuuuuuuuuuuuugh,ugh
40000046,uuuuuuuugh,ugh
40000050,ugggggggggggggh,ugh
40000052,ughh,ugh
40000066,ughhhhhhhh,ugh
40000071,uuuuuuuuuuugh,ugh
40000075,ugggggggh,ugh
40000080,ughhh,ugh
40000086,uggggggggggggh,ugh
40000087,uuuuuuuuuugh,ugh
40000089,uuuuuugh,ugh
40000091,uuuuugh,ugh
40000097,uggh,ugh
40000131,ugggggggggggh,ugh
40000144,ughhhhhhhhhh,ugh
41000000,reaaaaaaaaaaaaaaally,really
41000001,reallyyyyy,really
41000002,reallyyyyyyyyyyy,really
41000003,reeeeeeeeeeeeeally,really
41000004,reallyyyyyyyyyyyyyy,really
41000005,reaaaaaaaaaally,really
41000006,reallllllllly,really
41000007,reaaaaaaaally,really
41000008,rrrrrrrrrrrreally,really
41000009,reaally,really
41000010,realllllly,really
41000011,reallly,really
41000014,rrrrrrrrreally,really
41000016,reaaaaaaaaaaaaaally,really
41000017,realllllllllly,really
41000019,rrrrrrrrrreally,really
41000021,reaaaaaaally,really
41000022,reallllly,really
41000024,reaaaally,really
41000025,rrrrrrrrrrreally,really
41000026,realllllllllllly,really
41000027,reaaally,really
41000028,reallllllllllllly,really
41000032,reaaaaaaaaaaally,really
41000033,reaaaaaally,really
41000035,realllly,really
41000036,reeeeally,really
41000037,realllllllllllllly,really
41000040,rrrrrrrrrrrrreally,really
41000041,reallllllllllly,really
41000042,rrreally,really
41000043,reallyy,really
41000044,realllllllllllllllly,really
41000046,realllllllly,really
41000047,rrrrrreally,really
41000048,rrrrrrrreally,really
41000059,reallyyyyyyyyyyyyy,really
41000060,reeally,really
41000065,rrrrreally,really
41000070,reeeeeeeeeally,really
41000071,reeeeeeeeeeally,really
41000082,reeeeeeally,really
41000085,reallyyyyyy,really
41000086,reeeally,really
41000094,reeeeeeeeeeeeally,really
41000098,reaaaaaaaaaaaally,really
41000100,reallllllllllllllly,really
41000101,reallyyyyyyyy,really
41000103,rrrrrrrrrrrrrreally,really
41000107,reeeeeeeeeeeeeeally,really
41000114,reallyyyyyyy,really
41000127,reallllllly,really
41000132,reaaaaaaaaally,really
41000136,reaaaaally,really
41000139,reallyyy,really
41000153,reeeeeeeally,really
41000154,reeeeeally,really
41000161,reallyyyyyyyyyy,really
41000163,reallyyyyyyyyy,really
41000164,reeeeeeeeally,really
41000165,reallyyyyyyyyyyyyyyy,really
41000172,reallyyyyyyyyyyyy,really
41000179,rrrrrrrrrrrrrrreally,really
41000182,rrrrrrreally,really
41000185,reallyyyy,really
41000214,reeeeeeeeeeeally,really
41000268,rreally,really
41000278,reaaaaaaaaaaaaally,really
41000305,reeeeeeeeeeeeeeeally,really
41000525,rrrreally,really
43000000,verrrrrrry,very
43000001,vvvery,very
43000003,verrrrrrrrrrrrry,very
43000004,veeeeeery,very
43000005,vvvvvvvvvvery,very
43000006,veery,very
43000007,veryyyy,very
43000008,verrrrrrrrrry,very
43000009,veeeeeeeeeeery,very
43000010,verrrrrrrrry,very
43000011,veryyyyyyyyyyyyyy,very
43000012,verrry,very
43000013,veeeeeeeeeeeeeery,very
43000016,veeeeeeeeeery,very
43000017,vvery,very
43000023,vvvvvvvvvvvvvery,very
43000024,vvvvvvvvvvvvery,very
43000025,veryyyyyy,very
43000027,veeeeery,very
43000028,veryyyyyyy,very
43000029,veeeery,very
43000030,vvvvvvvery,very
43000031,veryy,very
43000032,vvvvvery,very
43000037,vvvvvvvvvvvery,very
43000038,veeeeeeeeeeeery,very
43000043,veryyyyyyyyyyyyy,very
43000045,verrrrry,very
43000046,verrrrrrrrrrrrrrry,very
43000047,veeeeeeery,very
43000048,verrrrrrrrrrrry,very
43000051,veryyyyyyyyyyyyyyy,very
43000053,verrrrrrrrrrrrrry,very
43000055,verrrrrrrry,very
43000058,vvvvvvvvvvvvvvery,very
43000061,vvvvvvvvvvvvvvvery,very
43000062,veeery,very
43000067,vvvvery,very
43000069,verry,very
43000070,verrrrrry,very
43000083,veryyy,very
43000090,vvvvvvvvvery,very
43000098,veeeeeeeeeeeeeeery,very
43000099,veeeeeeeeeeeeery,very
43000107,vvvvvvery,very
43000118,veryyyyyyyyyyyy,very
43000121,veryyyyyyyyyy,very
43000125,verrrrrrrrrrry,very
43000131,veeeeeeeeery,very
43000142,veryyyyyyyyyyy,very
43000160,veryyyyyyyyy,very
43000170,verrrry,very
43000196,veryyyyy,very
43000207,veeeeeeeery,very
43000223,veryyyyyyyy,very
43000263,vvvvvvvvery,very
44000000,toooooooooooooo,too
44000001,ttttttoo,too
44000002,toooooo,too
44000003,tttttttttttoo,too
44000005,tooooooooo,too
44000006,toooooooooo,too
44000008,toooooooooooo,too
44000009,tooooooooooooo,too
44000011,tooooooooooo,too
44000012,toooooooo,too
44000013,tttttoo,too
44000016,tooooooooooooooo,too
44000017,tooooooo,too
44000018,ttttttttttttoo,too
44000020,ttttoo,too
44000024,tttttttoo,too
44000025,tooo,too
44000028,tttoo,too
44000031,tttttttttttttttoo,too
44000032,tooooo,too
44000033,toooooooooooooooo,too
44000040,toooo,too
44000050,ttttttttttoo,too
44000052,tttttttttttttoo,too
44000065,ttoo,too
44000094,ttttttttoo,too
44000099,ttttttttttttttoo,too
44000222,tttttttttoo,too
45000000,nooooooooooooooo,no
45000001,nooooo,no
45000002,nnnnnnnnno,no
45000003,noo,no
45000004,noooooo,no
45000005,nnnnno,no
45000006,nooo,no
45000008,noooooooooooooo,no
45000009,nnnnnnnnnnnnnno,no
45000010,nnno,no
45000012,nnnnnnnnnnnnno,no
45000013,nooooooooooooo,no
45000015,nno,no
45000016,nnnnnnnnnnnno,no
45000018,nooooooo,no
45000019,noooooooooooo,no
45000021,nnnnnno,no
45000025,nnnnnnno,no
45000028,nnnnnnnnnnno,no
45000029,noooooooooo,no
45000030,noooooooo,no
45000031,nooooooooo,no
45000037,nnnnnnnno,no
45000038,nnnnnnnnnno,no
45000043,nnnno,no
45000046,noooo,no
45000052,nnnnnnnnnnnnnnno,no
45000118,nooooooooooo,no
46000000,allllll,all
46000001,alllll,all
46000002,allllllll,all
46000004,aaaaaall,all
46000005,aaaaaaaaaaaaall,all
46000006,aaaaaaaaaaaaaaall,all
46000007,allllllllllllll,all
46000008,alll,all
46000009,alllllllllllll,all
46000010,alllllll,all
46000011,allllllllll,all
46000012,allllllllllllllll,all
46000013,alllllllll,all
46000017,aaaaaaaaaaaall,all
46000019,aaaaaaaaall,all
46000022,allllllllllll,all
46000024,alllllllllllllll,all
46000032,aaaall,all
46000036,aaaaaaaaaaall,all
46000040,allll,all
46000041,aaaaall,all
46000044,aaaaaaaaaaaaaall,all
46000050,aaall,all
46000065,alllllllllll,all
46000072,aaaaaaaall,all
46000085,aaaaaaall,all
46000166,aaaaaaaaaall,all
46000205,aall,all
47000000,jussssssssst,just
47000001,juuuuuust,just
47000002,juuuuuuuuuust,just
47000003,justtt,just
47000004,justtttttttttt,just
47000005,jussssssst,just
47000006,jusssssssst,just
47000007,jusssst,just
47000008,jjjjjjjjjust,just
47000009,juuuuuuuuuuust,just
47000010,juust,just
47000011,jussssssssssssst,just
47000013,juuuuuuuuuuuust,just
47000014,juuuuust,just
47000015,jusssssssssst,just
47000016,justttttt,just
47000017,justttttttttt,just
47000018,juuuuuuuuuuuuust,just
47000020,juuuuuuuust,just
47000021,jjust,just
47000022,juuuuuuuuust,just
47000025,jusssssssssssst,just
47000026,justttttttttttttt,just
47000029,jussssst,just
47000030,jusssssssssssssst,just
47000036,jjjjjust,just
47000040,jusst,just
47000041,justt,just
47000042,juuuuuuust,just
47000043,justtttttt,just
47000046,jussst,just
47000047,jjjjjjjjjjjjjust,just
47000049,justttttttttttt,just
47000050,jjjust,just
47000052,justtttt,just
47000057,jjjjjjjjjjjjust,just
47000060,juuust,just
47000061,jusssssst,just
47000062,jjjjjjjjjjust,just
47000064,jussssssssssssssst,just
47000065,jjjjjjust,just
47000069,jjjjjjjjjjjust,just
47000072,jjjjjjjjjjjjjjjust,just
47000076,juuuuuuuuuuuuuuust,just
47000079,jjjjjjjjjjjjjjust,just
47000081,justttttttt,just
47000084,justttt,just
47000088,juuuust,just
47000109,justtttttttttttt,just
47000136,justtttttttt,just
47000165,jjjjust,just
47000166,justtttttttttttttt,just
47000168,jjjjjjjust,just
47000184,jjjjjjjjust,just
47000240,juuuuuuuuuuuuuust,just
47000258,jussssssssssst,just
48000000,notttthing,nothing
48000001,nnnnnnnnnnnnothing,nothing
48000002,nnnnnnnnnnnnnnothing,nothing
48000003,nothiiiiiiiing,nothing
48000004,nnothing,nothing
48000005,nnnnnnnnnnnnnothing,nothing
48000006,nnnnnnothing,nothing
48000007,nothinnng,nothing
48000008,nothiiiiiiiiiiing,nothing
48000009,nothinnnng,nothing
48000011,nnnnnnnnnnnnnnnothing,nothing
48000012,nnnnnnnnnnnothing,nothing
48000013,nothhhhhhhhhhhhhing,nothing
48000014,nothinggg,nothing
48000015,nothiiiiiiiiiiiiiing,nothing
48000016,nooothing,nothing
48000017,nothhhhhhhing,nothing
48000018,nothiiiiiiiiiiiiing,nothing
48000019,nnnnnnnnothing,nothing
48000020,nnnnnnnnnothing,nothing
48000021,nothinnnnnnnnnnnnnnng,nothing
48000022,nothinnnnnnnnnnng,nothing
48000025,nothingggggggggggg,nothing
48000026,nottttttttttthing,nothing
48000028,nottttttttthing,nothing
48000029,nothinggggggggggggggg,nothing
48000030,noooothing,nothing
48000031,nothiiiing,nothing
48000032,notttttttttttttthing,nothing
48000033,nothinggggggggggg,nothing
48000034,nottttttttttttthing,nothing
48000035,nothingggg,nothing
48000036,nottttttttttttttthing,nothing
48000040,nothinnnnnnnnnnnnnng,nothing
48000042,nothiiing,nothing
48000043,nnnnnnnnnnothing,nothing
48000045,nothhhhhhhhhhing,nothing
48000046,nnnnnnnothing,nothing
48000050,nothiiiiiiiiiiiiiiing,nothing
48000051,nothinggggggg,nothing
48000053,notthing,nothing
48000054,nooooooooooooooothing,nothing
48000055,nothingggggggg,nothing
48000061,nothiing,nothing
48000062,nottthing,nothing
48000064,nothiiiiiiiiiiiing,nothing
48000065,nottttttthing,nothing
48000066,noooooooooooothing,nothing
48000067,nooooooooooothing,nothing
48000069,nothhhhhhhhhing,nothing
48000070,nothiiiiiing,nothing
48000072,nothinnnnnnnnnnnng,nothing
48000074,noooooooothing,nothing
48000076,nothinnnnnng,nothing
48000077,nothinnnnnnnnng,nothing
48000078,nothhhhhhhhhhhhing,nothing
48000079,nooooooooothing,nothing
48000082,nothingggggggggggggg,nothing
48000086,nothinggggggggg,nothing
48000088,nothingggggggggg,nothing
48000093,nnnothing,nothing
48000098,nothiiiiiiiiing,nothing
48000101,notttttthing,nothing
48000104,nothhhhing,nothing
48000106,nothinnnnnnnnnng,nothing
48000108,nothhhhhhhhing,nothing
48000109,nothhhhhhhhhhhing,nothing
48000115,nothinnnnnnnnnnnnng,nothing
48000119,nothhing,nothing
48000120,nothhhhhhhhhhhhhhing,nothing
48000121,nooooothing,nothing
48000129,nothiiiiing,nothing
48000132,noothing,nothing
48000133,nothinnnnnnng,nothing
48000138,nnnnnothing,nothing
48000139,nothhhhhing,nothing
48000149,notttttttthing,nothing
48000150,nothhhhhhhhhhhhhhhing,nothing
48000151,noooooooooothing,nothing
48000152,nothhhhhhing,nothing
48000168,nottttthing,nothing
48000171,notttttttttttthing,nothing
48000182,nothhhing,nothing
48000200,nooooooooooooothing,nothing
48000205,nnnnothing,nothing
48000206,nothiiiiiiing,nothing
48000214,nothinnnnnnnng,nothing
48000224,nothingggggg,nothing
48000253,noooooothing,nothing
48000265,noooooooooooooothing,nothing
48000268,nothinnnnng,nothing
48000274,nothinggggggggggggg,nothing
48000278,notttttttttthing,nothing
48000287,nothiiiiiiiiiing,nothing
48000297,nothingg,nothing
48000314,nothinng,nothing
48000334,nothinggggg,nothing
48000429,nooooooothing,nothing
49000000,buuuuuuuuuut,but
49000001,bbbbbbbbut,but
49000003,buttttttttttttttt,but
49000004,buut,but
49000005,buuuuuuuuuuuut,but
49000006,buttttttttttt,but
49000008,butttt,but
49000009,bbbbbbbut,but
49000010,butttttttttttttt,but
49000011,buttttttttt,but
49000012,buuut,but
49000013,buuuuuuut,but
49000014,buuuuuuuuuuut,but
49000015,butttttttttttt,but
49000016,buttttt,but
49000019,bbut,but
49000021,buttttttt,but
49000022,buttttttttttttt,but
49000023,bbbbbbbbbbbbbbut,but
49000026,buttt,but
49000029,bbbbut,but
49000031,bbbbbbut,but
49000032,buuuuuut,but
49000034,buuuuuuuut,but
49000036,buuuuuuuuuuuuuut,but
49000039,buuuuuuuuuuuuut,but
49000040,bbbbbbbbbbbut,but
49000043,bbbbbbbbbbbbbut,but
49000045,bbbut,but
49000051,bbbbbbbbbbut,but
49000055,bbbbbut,but
49000058,buuuuuuuuut,but
49000062,butttttttttt,but
49000063,buuuuuuuuuuuuuuut,but
49000068,bbbbbbbbbut,but
49000077,butt,but
49000082,bbbbbbbbbbbbut,but
49000085,butttttttt,but
49000089,bbbbbbbbbbbbbbbut,but
49000092,butttttt,but
49000116,buuuut,but
49000140,buuuuut,but
50000000,beeeeeeeetter,better
50000001,bettttttttter,better
50000002,bbbbbbbbbbbbbbbetter,better
50000003,bbbetter,better
50000004,betttttttttter,better
50000005,betttttttttttttter,better
50000006,bbbbbbetter,better
50000008,betterrrrrrrrrrrrrr,better
50000009,bettttttter,better
50000010,bettttter,better
50000011,betterrr,better
50000012,betterrrrrrrrrrrr,better
50000013,bettttttttttttttter,better
50000015,betttter,better
50000016,beeeeetter,better
50000018,betterrrr,better
50000019,betterrrrrrr,better
50000020,bettttttttttter,better
50000022,bettttttttttttter,better
50000023,beeeeeetter,better
50000024,beeeeeeeeeeeetter,better
50000025,betteeeeeeeeeer,better
50000030,bettter,better
50000032,beeeetter,better
50000033,betterrrrrrrrrrr,better
50000034,betteeeeeeeeeeeeeeer,better
50000037,bbbbbbbetter,better
50000038,beeeeeeeeeetter,better
50000041,betttttter,better
50000045,bbbbetter,better
50000046,beeeeeeeeeeetter,better
50000047,beeetter,better
50000048,bbbbbbbbetter,better
50000050,betterrrrrr,better
50000052,betttttttttttter,better
50000053,bbbbbbbbbbbbbbetter,better
50000055,betttttttter,better
50000056,betteeer,better
50000058,betterr,better
50000059,betterrrrr,better
50000062,betteeeeeeeeeeer,better
50000064,betttttttttttttttter,better
50000067,betterrrrrrrrr,better
50000072,betterrrrrrrr,better
50000074,betteeeeer,better
50000076,bbbbbbbbbbbbetter,better
50000083,betteeeeeeeer,better
50000085,bbbbbbbbbbbetter,better
50000086,beeeeeeeeetter,better
50000087,betteeeeeeer,better
50000088,beeeeeeeeeeeeeeetter,better
50000093,beeeeeeetter,better
50000096,betteeeeeer,better
50000099,bbbbbbbbbetter,better
50000100,betteer,better
50000113,beeeeeeeeeeeeeetter,better
50000115,betteeeeeeeeer,better
50000119,betteeeeeeeeeeeer,better
50000120,betterrrrrrrrrr,better
50000121,betteeeeeeeeeeeeer,better
50000125,bbbbbetter,better
50000126,beeeeeeeeeeeeetter,better
50000139,betteeeer,better
50000140,bbbbbbbbbbbbbetter,better
50000210,beetter,better
50000237,bbetter,better
50000240,betteeeeeeeeeeeeeer,better
50000247,betterrrrrrrrrrrrrrr,better
50000281,bbbbbbbbbbetter,better
50000399,betterrrrrrrrrrrrr,better
51000000,neeeeeeed,need
51000001,nnneed,need
51000002,neeeed,need
51000004,neeeeeeeeeeeeed,need
51000005,nnnnnneed,need
51000006,needdddddddddddd,need
51000007,neeed,need
51000008,needdddddddddddddd,need
51000009,nnnnnnnnneed,need
51000010,nnnneed,need
51000011,neeeeeeeeeeeeeeed,need
51000013,nneed,need
51000015,nnnnnnnnnnnnneed,need
51000016,nnnnnnnneed,need
51000017,needdddd,need
51000018,neeeeeeeeeed,need
51000021,needdddddddd,need
51000023,nnnnnnnnnnnneed,need
51000024,needdddddd,need
51000025,neeeeeeeeeeeeeed,need
51000026,neeeeed,need
51000027,neeeeeeeeeeeeeeeed,need
51000029,needdd,need
51000030,neeeeeed,need
51000032,neeeeeeeeeeed,need
51000035,needdddddddddd,need
51000036,needddddddddddd,need
51000039,needddd,need
51000044,nnnnnnnnnnnnnneed,need
51000048,nnnnnnnnnnnnnnneed,need
51000051,nnnnnnnnnnneed,need
51000053,needd,need
51000063,neeeeeeeed,need
51000065,neeeeeeeeeeeed,need
51000068,nnnnnnneed,need
51000069,needddddddddd,need
51000071,nnnnneed,need
51000072,nnnnnnnnnneed,need
51000073,needddddd,need
51000097,needddddddddddddd,need
51000100,neeeeeeeeed,need
51000113,needddddddd,need
52000000,itttt,it
52000001,iiiiiiit,it
52000002,iiiiiiiiiit,it
52000003,iiit,it
52000004,iiiiiiiiiiiiiiit,it
52000006,ittttttttttttt,it
52000007,ittttttt,it
52000009,ittttttttttttttt,it
52000010,itttttttttt,it
52000011,iiiiiiiiiiiit,it
52000012,ittttttttt,it
52000013,iiiiiiiiiiit,it
52000014,ittttt,it
52000015,iiiiit,it
52000016,iiiiiiiiiiiiiit,it
52000018,iiiit,it
52000020,iiiiiiiiit,it
52000022,itt,it
52000025,ittt,it
52000028,ittttttttttt,it
52000030,itttttttt,it
52000040,iiiiiiiiiiiiit,it
52000046,iiiiiit,it
52000050,itttttt,it
52000051,iit,it
52000067,iiiiiiiit,it
52000070,itttttttttttt,it
52000102,itttttttttttttt,it
