,Unnamed: 0,emphasized,actual
0,46000008,alll,all
1,46000072,aaaaaaaall,all
2,46000001,alllll,all
3,46000009,alllllllllllll,all
4,46000002,allllllll,all
5,46000011,allllllllll,all
6,46000166,aaaaaaaaaall,all
7,46000004,aaaaaall,all
8,46000022,allllllllllll,all
9,46000050,aaall,all
10,46000005,aaaaaaaaaaaaall,all
11,46000019,aaaaaaaaall,all
12,46000032,aaaall,all
13,46000040,allll,all
14,46000007,allllllllllllll,all
15,46000010,alllllll,all
16,46000036,aaaaaaaaaaall,all
17,46000013,alllllllll,all
18,46000012,allllllllllllllll,all
19,46000065,alllllllllll,all
20,46000085,aaaaaaall,all
21,46000044,aaaaaaaaaaaaaall,all
22,46000006,aaaaaaaaaaaaaaall,all
23,46000205,aall,all
24,46000041,aaaaall,all
25,46000017,aaaaaaaaaaaall,all
26,46000000,allllll,all
27,46000024,alllllllllllllll,all
28,17000044,aaaamazing,amazing
29,17000099,amazingggggggggggg,amazing
30,17000278,amaziiiiiiiiiiiiiiing,amazing
31,17000024,amaaaaaaaaaaaazing,amazing
32,17000014,amaziiiiiiiiiing,amazing
33,17000262,amaaazing,amazing
34,17000168,amaziing,amazing
35,17000126,amaziiiiing,amazing
36,17000005,amaziiiiiiiiiiiiiing,amazing
37,17000072,ammmmmmmmmmmmmmazing,amazing
38,17000018,aaaaaaaaamazing,amazing
39,17000042,ammmmmmmmmmazing,amazing
40,17000032,amaaaaaaaaaaaaazing,amazing
41,17000043,amazinggggggggg,amazing
42,17000036,ammmmmmmmmmmmazing,amazing
43,17000165,amazzzzzzzing,amazing
44,17000035,ammmmmazing,amazing
45,17000155,amazzzzzzzzzzzzing,amazing
46,17000064,amazinnnnnnnnnnnnnnng,amazing
47,17000034,aaaaaaaaaaaamazing,amazing
48,17000067,amazinggggggggggg,amazing
49,17000009,amaaaaaaaaaazing,amazing
50,17000057,amazzzing,amazing
51,17000069,amazinggg,amazing
52,17000217,ammmmmmmazing,amazing
53,17000132,aamazing,amazing
54,17000054,aaaaaaaaaamazing,amazing
55,17000085,amaziiiiiiiiiiiing,amazing
56,23000132,awwesome,awesome
57,23000069,awesomee,awesome
58,23000031,awesomeee,awesome
59,23000003,awesomme,awesome
60,23000086,awesoooooooooooome,awesome
61,23000283,awesomeeeeeeeeeee,awesome
62,23000293,aawesome,awesome
63,23000291,awesssssssssssome,awesome
64,23000157,aaaaaaaaaaaaaaawesome,awesome
65,23000038,awesoome,awesome
66,23000186,awesooooooooooooooome,awesome
67,23000151,awwwwwwwwwesome,awesome
68,23000041,awesomeeeeeeeee,awesome
69,23000056,awessssome,awesome
70,23000119,awesomeeeeee,awesome
71,23000179,awesommmmme,awesome
72,23000183,aweeesome,awesome
73,23000103,awesommmmmmmmme,awesome
74,23000300,awesommme,awesome
75,23000001,aaawesome,awesome
76,23000048,aaaawesome,awesome
77,23000051,aaaaaaaaaaaawesome,awesome
78,23000008,awesommmmmmmmmmmme,awesome
79,23000013,awesooooooooome,awesome
80,23000424,awwwwwesome,awesome
81,23000055,awesomeeeeeeeeeeee,awesome
82,23000053,awesssome,awesome
83,23000026,awessssssome,awesome
84,6000026,baaaaad,bad
85,6000072,bbbbbbbbbbbad,bad
86,6000025,badddddddddddd,bad
87,6000005,badddddd,bad
88,6000031,baaaaaaaaaaaaaaad,bad
89,6000033,badd,bad
90,6000022,bbbbbbbbbbbbbbbad,bad
91,6000048,bbbbbbbbbbbbad,bad
92,6000102,bbbbbbbad,bad
93,6000043,baaaaaaaaaaaad,bad
94,6000062,bbbbbad,bad
95,6000045,bbbbbbbbbbad,bad
96,6000018,badddd,bad
97,6000015,bbbbbbad,bad
98,6000060,baddddddddddddd,bad
99,6000011,bbbbbbbbbbbbbbad,bad
100,6000003,bbbad,bad
101,6000055,baddd,bad
102,6000001,baad,bad
103,6000016,badddddddddd,bad
104,6000076,baaaaaaaaaaad,bad
105,6000017,baddddddddddddddd,bad
106,6000024,bbbbbbbbbbbbbad,bad
107,6000068,baddddd,bad
108,6000000,badddddddddddddd,bad
109,6000004,baddddddddd,bad
110,6000012,baaaaaaaaaaaaaad,bad
111,6000049,baaaaaaaaad,bad
112,1000051,beaaaaaaaautiful,beautiful
113,1000020,beauttttttiful,beautiful
114,1000171,beautifullllllll,beautiful
115,1000297,bbbeautiful,beautiful
116,1000192,beautifffffful,beautiful
117,1000022,beaautiful,beautiful
118,1000053,beeeeeeeeeeeeeautiful,beautiful
119,1000095,beaaautiful,beautiful
120,1000285,beaaaaaaaaaaaaaaautiful,beautiful
121,1000103,beautifuuul,beautiful
122,1000071,beautifuuuuul,beautiful
123,1000052,beaaaaaaaaaaaautiful,beautiful
124,1000407,beautifuul,beautiful
125,1000038,beautiffffffffffful,beautiful
126,1000025,beautifuuuuuuuuuuul,beautiful
127,1000251,beautiiiiiiful,beautiful
128,1000010,beauuuutiful,beautiful
129,1000006,beautifulllllllll,beautiful
130,1000163,beautttttttttttttttiful,beautiful
131,1000002,beautiiiiful,beautiful
132,1000702,bbbbbbbbbbbbbbbeautiful,beautiful
133,1000016,beautifullllll,beautiful
134,1000087,beauuuuuuuuuuuuuuutiful,beautiful
135,1000229,beauuutiful,beautiful
136,1000254,beautiiiiiiiiiful,beautiful
137,1000033,beautiiiiiiiiiiful,beautiful
138,1000004,beauuuuuuuuuuuuutiful,beautiful
139,1000140,beeeeeeeautiful,beautiful
140,50000046,beeeeeeeeeeetter,better
141,50000009,bettttttter,better
142,50000086,beeeeeeeeetter,better
143,50000025,betteeeeeeeeeer,better
144,50000067,betterrrrrrrrr,better
145,50000059,betterrrrr,better
146,50000281,bbbbbbbbbbetter,better
147,50000016,beeeeetter,better
148,50000247,betterrrrrrrrrrrrrrr,better
149,50000125,bbbbbetter,better
150,50000023,beeeeeetter,better
151,50000000,beeeeeeeetter,better
152,50000085,bbbbbbbbbbbetter,better
153,50000004,betttttttttter,better
154,50000020,bettttttttttter,better
155,50000210,beetter,better
156,50000113,beeeeeeeeeeeeeetter,better
157,50000115,betteeeeeeeeer,better
158,50000121,betteeeeeeeeeeeeer,better
159,50000050,betterrrrrr,better
160,50000038,beeeeeeeeeetter,better
161,50000032,beeeetter,better
162,50000087,betteeeeeeer,better
163,50000093,beeeeeeetter,better
164,50000047,beeetter,better
165,50000002,bbbbbbbbbbbbbbbetter,better
166,50000120,betterrrrrrrrrr,better
167,50000010,bettttter,better
168,11000078,borinnnnng,boring
169,11000151,boriing,boring
170,11000095,booring,boring
171,11000126,borinnnnnnnnnnnnnnng,boring
172,11000163,borrrrrrrrrrrrrrring,boring
173,11000030,boriiiiiiiiiiiiiiing,boring
174,11000226,borrring,boring
175,11000171,boriiiiiiiing,boring
176,11000006,borinnnnnnnnnnnng,boring
177,11000092,bbbbbbbbbbboring,boring
178,11000075,boringgggggggggggg,boring
179,11000109,bbbbbbbbbbbboring,boring
180,11000072,bbbbbboring,boring
181,11000007,boriiiing,boring
182,11000177,borrrrrrrrrrrrrring,boring
183,11000029,boooooooooooooring,boring
184,11000011,bbbbbbbbbbbbbbboring,boring
185,11000188,booooooooooring,boring
186,11000076,boriiiiiing,boring
187,11000041,bbbbbbbbbbbbboring,boring
188,11000023,boringgggggggggggggg,boring
189,11000015,boooooooring,boring
190,11000048,borinnnnnnnng,boring
191,11000101,boringggggggggggggg,boring
192,11000024,borinng,boring
193,11000044,borrrrrring,boring
194,11000144,borrrrrrrrrrrring,boring
195,11000039,boooooooooooring,boring
196,49000021,buttttttt,but
197,49000045,bbbut,but
198,49000082,bbbbbbbbbbbbut,but
199,49000036,buuuuuuuuuuuuuut,but
200,49000140,buuuuut,but
201,49000022,buttttttttttttt,but
202,49000089,bbbbbbbbbbbbbbbut,but
203,49000031,bbbbbbut,but
204,49000058,buuuuuuuuut,but
205,49000032,buuuuuut,but
206,49000051,bbbbbbbbbbut,but
207,49000015,butttttttttttt,but
208,49000001,bbbbbbbbut,but
209,49000026,buttt,but
210,49000034,buuuuuuuut,but
211,49000011,buttttttttt,but
212,49000023,bbbbbbbbbbbbbbut,but
213,49000012,buuut,but
214,49000040,bbbbbbbbbbbut,but
215,49000068,bbbbbbbbbut,but
216,49000092,butttttt,but
217,49000029,bbbbut,but
218,49000019,bbut,but
219,49000006,buttttttttttt,but
220,49000009,bbbbbbbut,but
221,49000000,buuuuuuuuuut,but
222,49000043,bbbbbbbbbbbbbut,but
223,49000004,buut,but
224,3000062,ccccool,cool
225,3000024,coolllllllllll,cool
226,3000027,cooool,cool
227,3000022,cccccccool,cool
228,3000095,coollllllllllllll,cool
229,3000007,cccccccccccccccool,cool
230,3000017,cooooooooool,cool
231,3000004,coool,cool
232,3000015,ccool,cool
233,3000040,cccccool,cool
234,3000081,coollllllllllll,cool
235,3000001,cooooooooooool,cool
236,3000018,coooooool,cool
237,3000038,coooooooooool,cool
238,3000088,coollll,cool
239,3000008,cooooooooooooooool,cool
240,3000090,coolllll,cool
241,3000098,coollllllllll,cool
242,3000010,coooool,cool
243,3000070,coooooooool,cool
244,3000055,ccccccccccool,cool
245,3000111,cccool,cool
246,3000076,coooooooooooooool,cool
247,3000107,coolllllllllllll,cool
248,3000032,coolllllll,cool
249,3000049,coollllll,cool
250,3000184,cccccccccccccool,cool
251,3000014,coooooooooooool,cool
252,27000008,cuuuuute,cute
253,27000149,cuuuuuuuuuute,cute
254,27000124,ccccccccccute,cute
255,27000069,cccccccccccute,cute
256,27000047,cuuuuuuute,cute
257,27000021,cuteeeeeeeeeeee,cute
258,27000057,cuttttttte,cute
259,27000143,cuteeeeeeeee,cute
260,27000044,cuteeeee,cute
261,27000068,cutte,cute
262,27000100,cuteeeeeeeeeeeee,cute
263,27000103,cuteeeeeee,cute
264,27000045,cuuuuuute,cute
265,27000043,cccute,cute
266,27000031,cccccute,cute
267,27000067,cuuuuuuuuuuuuute,cute
268,27000025,cuteeeeeeeeeeeeeee,cute
269,27000015,cuuuuuuuuute,cute
270,27000071,cuttttttttttttttte,cute
271,27000001,cccccccute,cute
272,27000007,cuuuute,cute
273,27000019,ccccccccccccute,cute
274,27000048,cuuuuuuuuuuuuuuute,cute
275,27000026,cuuuuuuuuuuute,cute
276,27000027,ccccute,cute
277,27000024,cutttttttte,cute
278,27000005,cuteeeeeeeeee,cute
279,27000076,cutttttttttttttte,cute
280,16000044,ddelicious,delicious
281,16000103,delicccccccccccccccious,delicious
282,16000136,deliccccccccccious,delicious
283,16000146,deliicious,delicious
284,16000022,deliciouuuuuuuuus,delicious
285,16000006,deliciouuuuuuuuuuus,delicious
286,16000166,deliciousssss,delicious
287,16000173,deeeeeeeeeeeeelicious,delicious
288,16000243,delicioooooooous,delicious
289,16000023,deliciouuuuus,delicious
290,16000064,ddddelicious,delicious
291,16000125,delllllllllllllicious,delicious
292,16000215,deeeeeeelicious,delicious
293,16000062,delicioussss,delicious
294,16000025,deliciousssssssssssssss,delicious
295,16000032,deliciiiiiiiious,delicious
296,16000192,delicioooooooooous,delicious
297,16000043,deliccccccccccccccious,delicious
298,16000303,deliciooooooooooous,delicious
299,16000005,deliciousssssssss,delicious
300,16000411,dddelicious,delicious
301,16000040,deliciooooooooous,delicious
302,16000000,deliciooooooous,delicious
303,16000226,deliciiiiiiious,delicious
304,16000012,deliiiiiiiiiiiiiicious,delicious
305,16000034,delicccccccccccccious,delicious
306,16000436,deeeeeeeeeeeeeelicious,delicious
307,16000170,delicioussssssssssss,delicious
308,25000086,exxxxxxcellent,excellent
309,25000023,exceeeeeeeellent,excellent
310,25000200,excelleeeeeeent,excellent
311,25000052,exceeeeeeellent,excellent
312,25000035,excelleeeeeeeeeeeent,excellent
313,25000115,excellenttttt,excellent
314,25000010,excellennnt,excellent
315,25000001,exccccellent,excellent
316,25000151,eeeeeeeeeeexcellent,excellent
317,25000004,excellennnnnnnnnnnnnnnt,excellent
318,25000000,excellentttttttt,excellent
319,25000107,exceeeeeeeeellent,excellent
320,25000165,excellenttt,excellent
321,25000282,excccccccccellent,excellent
322,25000041,eexcellent,excellent
323,25000013,exxxxxxxxxxxxcellent,excellent
324,25000027,excellllllllllllllent,excellent
325,25000175,exceeeeeeeeeeeeellent,excellent
326,25000174,eeeeeeeeeeeeeexcellent,excellent
327,25000241,excellennt,excellent
328,25000089,excelleeeeeeeeeeeeent,excellent
329,25000157,excelllllllllllllllent,excellent
330,25000025,excellennnnnnnnnnt,excellent
331,25000122,excellennnnnnnnnnnt,excellent
332,25000011,excelllllllllllent,excellent
333,25000100,exxxxxxxxcellent,excellent
334,25000050,excellennnnnnnnnnnnnnt,excellent
335,25000031,excellennnnnnnnnnnnnt,excellent
336,8000130,fffffffffffuck,fuck
337,8000012,fffffuck,fuck
338,8000044,fuuuuuck,fuck
339,8000057,fucccccccccccck,fuck
340,8000030,ffffffffffffffuck,fuck
341,8000001,fuckkkkkkkkkkkkkkk,fuck
342,8000104,fffuck,fuck
343,8000043,fuuck,fuck
344,8000034,fuuuuuuuuuuuuuuck,fuck
345,8000009,fuuuuck,fuck
346,8000024,ffffffffffffuck,fuck
347,8000017,fuckk,fuck
348,8000164,fucck,fuck
349,8000007,fffffffffffffffuck,fuck
350,8000058,fuckkkkkkkk,fuck
351,8000048,fuccccccccccccccck,fuck
352,8000011,fucccccccccccccck,fuck
353,8000070,fuckkkkkkk,fuck
354,8000013,fuccccck,fuck
355,8000039,fuckkkkkkkkkkkkk,fuck
356,8000008,fuuuck,fuck
357,8000014,fuckkkkkkkkkkkk,fuck
358,8000021,fffffffffffffuck,fuck
359,8000252,fuuuuuuuuuuuuuuuck,fuck
360,8000015,fucccck,fuck
361,8000082,fucccccck,fuck
362,8000020,fuccccccccccck,fuck
363,8000062,fuckkkkkk,fuck
364,19000032,fuuun,fun
365,19000017,fuuuuuuuuuuuuuuun,fun
366,19000051,ffffffffffun,fun
367,19000058,fuuuun,fun
368,19000026,fffffun,fun
369,19000013,ffffffun,fun
370,19000012,funnnnnnnnnn,fun
371,19000063,fuuuuuun,fun
372,19000021,fuuuuun,fun
373,19000003,ffffun,fun
374,19000009,funnnnn,fun
375,19000035,funnnnnnn,fun
376,19000056,funnnnnnnnnnnnnn,fun
377,19000023,fffffffun,fun
378,19000001,fuuuuuuuuuuuuuun,fun
379,19000055,funn,fun
380,19000008,fffun,fun
381,19000004,funnnnnnnnnnnnn,fun
382,19000007,fuuuuuuun,fun
383,19000052,fuuuuuuuuuun,fun
384,19000016,fffffffffun,fun
385,19000059,fffffffffffffffun,fun
386,19000140,ffffffffun,fun
387,19000050,ffun,fun
388,19000057,fuuuuuuuun,fun
389,19000153,fffffffffffun,fun
390,19000002,fuuuuuuuuuuuuun,fun
391,19000073,funnnnnnnnnnn,fun
392,13000011,gooddddddddddd,good
393,13000087,gooooooooooooood,good
394,13000068,goodd,good
395,13000025,gggggggggggggggood,good
396,13000000,goodddddd,good
397,13000005,goooooooooooooood,good
398,13000076,gggggggggood,good
399,13000069,ggood,good
400,13000071,gggggggood,good
401,13000019,goodddddddddddddd,good
402,13000082,ggggggggggood,good
403,13000194,ggggggood,good
404,13000001,gooddddddd,good
405,13000031,goooood,good
406,13000008,gggggood,good
407,13000006,gooddddd,good
408,13000036,gooooood,good
409,13000002,goodddddddd,good
410,13000018,gggggggggggggood,good
411,13000236,ggggggggood,good
412,13000095,ggggood,good
413,13000016,gooooooooood,good
414,13000044,gooddd,good
415,13000020,goodddddddddddd,good
416,13000014,ggggggggggggggood,good
417,13000053,goodddd,good
418,13000054,goooooood,good
419,13000040,gooooooood,good
420,14000107,greaaaaaaaaaaaaaat,great
421,14000025,greatttttttttttttt,great
422,14000013,grrrrrrrrrrrrreat,great
423,14000007,greaat,great
424,14000006,greaaaat,great
425,14000010,ggggreat,great
426,14000029,grreat,great
427,14000149,greeeeeeeeeeeeat,great
428,14000111,greatttttttttt,great
429,14000047,greattttt,great
430,14000255,grrrrrrrrrreat,great
431,14000030,greaaaaaaaaaaaat,great
432,14000038,greatttttttttttt,great
433,14000054,ggreat,great
434,14000123,greeeeeeeeeeat,great
435,14000003,greatttttttt,great
436,14000066,greeeeeeeeeeeat,great
437,14000065,ggggggggggreat,great
438,14000020,greattt,great
439,14000019,grrrrrrreat,great
440,14000042,greeeeat,great
441,14000034,grrrreat,great
442,14000027,greattttttttttttttt,great
443,14000075,greeeeeeat,great
444,14000062,greaaaaaaaaaaat,great
445,14000053,ggggggggggggreat,great
446,14000082,greeeeeeeeeeeeeat,great
447,14000012,greatttt,great
448,28000003,happpppppppppppppy,happy
449,28000059,hhhhhhhhhhhhhappy,happy
450,28000005,hhhhhhhhhappy,happy
451,28000053,happyyyyyy,happy
452,28000044,hhhhhhhhhhhappy,happy
453,28000004,happyy,happy
454,28000027,hhhhappy,happy
455,28000267,happyyyyyyyyyyyyyyy,happy
456,28000025,haaaaaaaaappy,happy
457,28000054,hhhhhhhhhhhhappy,happy
458,28000154,happyyyyyyyy,happy
459,28000089,happyyyyyyy,happy
460,28000010,haaaaaaaaaaaaaaappy,happy
461,28000009,hhhhhhhhhhappy,happy
462,28000019,haaaaaaaaaaaaappy,happy
463,28000037,happppppy,happy
464,28000157,haaaaaaaaaappy,happy
465,28000071,haappy,happy
466,28000013,happppppppy,happy
467,28000065,hhhhhhappy,happy
468,28000001,haaaaappy,happy
469,28000112,haaaaaaaaaaaaaappy,happy
470,28000064,happyyyyyyyyyy,happy
471,28000079,hhhhhappy,happy
472,28000266,happyyyy,happy
473,28000008,happppy,happy
474,28000170,happyyyyyyyyy,happy
475,28000029,happpppppppy,happy
476,35000012,hoooooooooooooorrible,horrible
477,35000027,horrrrrrrrrrrrrrible,horrible
478,35000080,horrrrrrrrrible,horrible
479,35000151,horriblllllllllllle,horrible
480,35000042,hhhhhhhhhhhhhhorrible,horrible
481,35000085,horriblee,horrible
482,35000110,hhhhhorrible,horrible
483,35000094,horribleeeeeeeeeeeeee,horrible
484,35000076,horrrrrrrrrrrrrrrible,horrible
485,35000029,horribbbbbbbbbbbbbble,horrible
486,35000009,horrrrible,horrible
487,35000022,horriiiiiiible,horrible
488,35000035,hoooorrible,horrible
489,35000015,horriblllle,horrible
490,35000128,horribllle,horrible
491,35000158,hhhhhhorrible,horrible
492,35000155,horriible,horrible
493,35000152,horribbble,horrible
494,35000154,hhhhhhhhhhhorrible,horrible
495,35000093,horrrrrrrrrrrrible,horrible
496,35000142,horribllllllllllllllle,horrible
497,35000271,hooorrible,horrible
498,35000005,horriiiible,horrible
499,35000126,horriiiiiiiiible,horrible
500,35000169,horriiiiiiiiiiiiiible,horrible
501,35000058,horribleeeeeeeeeeee,horrible
502,35000062,horriiiiiiiiiible,horrible
503,35000008,hhhhhhhhhhhhhhhorrible,horrible
504,12000008,hottt,hot
505,12000039,hooot,hot
506,12000029,hhhhhhhhhhhhhhot,hot
507,12000151,hoooooooooooot,hot
508,12000049,hooooooooooooot,hot
509,12000018,hoooooooot,hot
510,12000007,hotttt,hot
511,12000051,hhhhhhhhhhhhhot,hot
512,12000038,hooooooooooooooot,hot
513,12000153,hotttttttt,hot
514,12000012,hott,hot
515,12000034,hhhhhhhhhhhhhhhot,hot
516,12000014,hooooooot,hot
517,12000000,hhot,hot
518,12000017,hotttttttttttttt,hot
519,12000075,hooooot,hot
520,12000055,hottttttttttttt,hot
521,12000024,hotttttt,hot
522,12000065,hoooooooooot,hot
523,12000030,hooooooooot,hot
524,12000001,hhhhhhhhot,hot
525,12000059,hottttttttttt,hot
526,12000026,hottttttttt,hot
527,12000041,hotttttttttt,hot
528,12000032,hoot,hot
529,12000033,hhhhhhhhhhhhot,hot
530,12000013,hoooooooooooooot,hot
531,12000015,hhhot,hot
532,30000090,hhhhhhhhhhhuge,huge
533,30000081,hugee,huge
534,30000011,hugeeeeeeeeeeeeee,huge
535,30000000,hugeeeeeeeee,huge
536,30000066,hugggggggggggge,huge
537,30000058,huggggggggge,huge
538,30000122,huuuuuuuge,huge
539,30000015,huggggggggggge,huge
540,30000078,hhhuge,huge
541,30000073,hugggggggggggggge,huge
542,30000381,huuuuge,huge
543,30000016,huuuuuge,huge
544,30000018,huuuuuuuuuuuuuge,huge
545,30000057,huuuuuuuuuuuge,huge
546,30000109,hugeeee,huge
547,30000020,hhhhhhhuge,huge
548,30000003,hugeeeeeeeeeeeee,huge
549,30000042,huggggggge,huge
550,30000002,huuuuuuuuuuge,huge
551,30000146,hugeeeeeeeeeeee,huge
552,30000037,huuuuuuuuuge,huge
553,30000043,hugeeeeeeeeeee,huge
554,30000051,huggggggggggggggge,huge
555,30000041,huuuuuuuuuuuuuuge,huge
556,30000054,hhhhhhhhhuge,huge
557,30000085,hhhhhhhhhhhhhhuge,huge
558,30000030,hugggggggggge,huge
559,30000174,huggge,huge
560,52000050,itttttt,it
561,52000006,ittttttttttttt,it
562,52000028,ittttttttttt,it
563,52000016,iiiiiiiiiiiiiit,it
564,52000022,itt,it
565,52000007,ittttttt,it
566,52000009,ittttttttttttttt,it
567,52000011,iiiiiiiiiiiit,it
568,52000102,itttttttttttttt,it
569,52000003,iiit,it
570,52000000,itttt,it
571,52000046,iiiiiit,it
572,52000025,ittt,it
573,52000012,ittttttttt,it
574,52000004,iiiiiiiiiiiiiiit,it
575,52000010,itttttttttt,it
576,52000002,iiiiiiiiiit,it
577,52000030,itttttttt,it
578,52000018,iiiit,it
579,52000015,iiiiit,it
580,52000067,iiiiiiiit,it
581,52000013,iiiiiiiiiiit,it
582,52000051,iit,it
583,52000001,iiiiiiit,it
584,52000040,iiiiiiiiiiiiit,it
585,52000014,ittttt,it
586,52000070,itttttttttttt,it
587,52000020,iiiiiiiiit,it
588,47000065,jjjjjjust,just
589,47000076,juuuuuuuuuuuuuuust,just
590,47000084,justttt,just
591,47000165,jjjjust,just
592,47000049,justttttttttttt,just
593,47000047,jjjjjjjjjjjjjust,just
594,47000011,jussssssssssssst,just
595,47000050,jjjust,just
596,47000006,jusssssssst,just
597,47000010,juust,just
598,47000030,jusssssssssssssst,just
599,47000001,juuuuuust,just
600,47000013,juuuuuuuuuuuust,just
601,47000026,justttttttttttttt,just
602,47000022,juuuuuuuuust,just
603,47000002,juuuuuuuuuust,just
604,47000040,jusst,just
605,47000069,jjjjjjjjjjjust,just
606,47000017,justttttttttt,just
607,47000088,juuuust,just
608,47000184,jjjjjjjjust,just
609,47000081,justttttttt,just
610,47000046,jussst,just
611,47000016,justttttt,just
612,47000042,juuuuuuust,just
613,47000043,justtttttt,just
614,47000057,jjjjjjjjjjjjust,just
615,47000025,jusssssssssssst,just
616,41,likkkkkkkkkkke,like
617,17,likkke,like
618,92,likee,like
619,74,likkkkkkke,like
620,28,likkkkkkkkkkkkkke,like
621,37,liiiiiiiike,like
622,56,llllike,like
623,12,lllllllllllllike,like
624,1,likkkkke,like
625,18,likeeeeeeeeeeeee,like
626,4,likeeeeeeeeeeee,like
627,85,liiiiiiiiiiiiiike,like
628,26,liike,like
629,59,likkkkkkkkkkkke,like
630,42,lllllllllllllllike,like
631,38,llllllllllllllike,like
632,50,likeeeeee,like
633,24,liiiiiiiiiiiiike,like
634,6,likeeeeeeee,like
635,9,likke,like
636,14,llllllllllike,like
637,16,likkkkkkkke,like
638,114,likeeeee,like
639,32,liiike,like
640,185,lllike,like
641,55,llllllllike,like
642,0,lllllllllike,like
643,90,liiiiike,like
644,2000057,loveeee,love
645,2000069,lovve,love
646,2000005,lllllllllllllllove,love
647,2000056,loveeeeeeeeee,love
648,2000019,lovvvvve,love
649,2000209,loooooooooooove,love
650,2000000,loove,love
651,2000001,loooooooooove,love
652,2000033,llllllllllove,love
653,2000124,loveeeeeeee,love
654,2000061,llllllllllllove,love
655,2000002,lllllllllove,love
656,2000003,loooooooooooooove,love
657,2000044,lovvvve,love
658,2000041,lovvvvvvvvvvve,love
659,2000028,loveeeeeeeeeeeee,love
660,2000017,lovvvvvvvvvvvvvvve,love
661,2000177,looooooooooooove,love
662,2000037,llove,love
663,2000103,lovvvvvvvvvvvvvve,love
664,2000040,looooooooooooooove,love
665,2000016,looove,love
666,2000236,loveeeeeeeeeeeeeee,love
667,2000014,lovvvvvvvvvvvve,love
668,2000012,loooove,love
669,2000128,loooooooove,love
670,2000029,loveeeee,love
671,2000050,lllllllllllove,love
672,9000142,nasttttttttttttttty,nasty
673,9000051,nastttttttty,nasty
674,9000158,nnnnasty,nasty
675,9000034,nasssssssssssssssty,nasty
676,9000029,nnnnnnnnnnnnasty,nasty
677,9000009,naaaaaaaaaaaasty,nasty
678,9000004,naasty,nasty
679,9000060,nnnnnnnnnnnnnnnasty,nasty
680,9000005,nastyyyyyy,nasty
681,9000016,nasttttttttttty,nasty
682,9000023,nastttttttttty,nasty
683,9000044,nastttttty,nasty
684,9000042,nnnasty,nasty
685,9000069,nnnnnnnnnnnasty,nasty
686,9000197,nasssssssty,nasty
687,9000263,naaaaaaaaaaaaasty,nasty
688,9000047,nasttttttttty,nasty
689,9000081,nnnnnnnnnnnnnasty,nasty
690,9000175,nasttttttttttttty,nasty
691,9000083,nastyyyyyyyy,nasty
692,9000021,nastyyyy,nasty
693,9000012,naaaaaaaaaaaaaaasty,nasty
694,9000013,nastyyyyyyyyy,nasty
695,9000112,naaasty,nasty
696,9000080,nasssssssssty,nasty
697,9000056,nassty,nasty
698,9000048,nnnnnnasty,nasty
699,9000022,naaaaaaaasty,nasty
700,51000002,neeeed,need
701,51000021,needdddddddd,need
702,51000071,nnnnneed,need
703,51000036,needddddddddddd,need
704,51000011,neeeeeeeeeeeeeeed,need
705,51000005,nnnnnneed,need
706,51000035,needdddddddddd,need
707,51000008,needdddddddddddddd,need
708,51000032,neeeeeeeeeeed,need
709,51000004,neeeeeeeeeeeeed,need
710,51000072,nnnnnnnnnneed,need
711,51000097,needddddddddddddd,need
712,51000100,neeeeeeeeed,need
713,51000007,neeed,need
714,51000013,nneed,need
715,51000069,needddddddddd,need
716,51000048,nnnnnnnnnnnnnnneed,need
717,51000006,needdddddddddddd,need
718,51000017,needdddd,need
719,51000113,needddddddd,need
720,51000051,nnnnnnnnnnneed,need
721,51000015,nnnnnnnnnnnnneed,need
722,51000053,needd,need
723,51000016,nnnnnnnneed,need
724,51000000,neeeeeeed,need
725,51000039,needddd,need
726,51000026,neeeeed,need
727,51000023,nnnnnnnnnnnneed,need
728,5000147,niceeeeee,nice
729,5000010,niiiiiiiiiice,nice
730,5000154,niccccce,nice
731,5000172,nicccccccccce,nice
732,5000090,niccccccccccce,nice
733,5000044,niiiiiiiiiiice,nice
734,5000088,niccccccccce,nice
735,5000002,niiiiice,nice
736,5000096,nicccccccce,nice
737,5000146,niceeeeeeeee,nice
738,5000053,niiice,nice
739,5000041,niiiiiiiiiiiiice,nice
740,5000079,nicccccce,nice
741,5000052,nicccccccccccccce,nice
742,5000285,niice,nice
743,5000117,nnnnnnice,nice
744,5000001,nnnnnnnnnnnice,nice
745,5000007,niceeeeeeee,nice
746,5000009,niceeeeeeeeeeeee,nice
747,5000000,nnnnnice,nice
748,5000071,niceeeeeeeeeeeeeee,nice
749,5000065,nnnnnnnnnnnnnnnice,nice
750,5000020,niiiiiiiiiiiiiice,nice
751,5000013,niiiiiiiiiiiiiiice,nice
752,5000085,nnnnnnnnnnice,nice
753,5000011,niceeeee,nice
754,5000046,niiiiiiice,nice
755,5000016,niccccccce,nice
756,45000001,nooooo,no
757,45000015,nno,no
758,45000002,nnnnnnnnno,no
759,45000019,noooooooooooo,no
760,45000006,nooo,no
761,45000028,nnnnnnnnnnno,no
762,45000031,nooooooooo,no
763,45000004,noooooo,no
764,45000030,noooooooo,no
765,45000037,nnnnnnnno,no
766,45000052,nnnnnnnnnnnnnnno,no
767,45000009,nnnnnnnnnnnnnno,no
768,45000010,nnno,no
769,45000005,nnnnno,no
770,45000008,noooooooooooooo,no
771,45000046,noooo,no
772,45000000,nooooooooooooooo,no
773,45000018,nooooooo,no
774,45000025,nnnnnnno,no
775,45000016,nnnnnnnnnnnno,no
776,45000013,nooooooooooooo,no
777,45000021,nnnnnno,no
778,45000043,nnnno,no
779,45000029,noooooooooo,no
780,45000038,nnnnnnnnnno,no
781,45000003,noo,no
782,45000118,nooooooooooo,no
783,45000012,nnnnnnnnnnnnno,no
784,48000334,nothinggggg,nothing
785,48000149,notttttttthing,nothing
786,48000055,nothingggggggg,nothing
787,48000004,nnothing,nothing
788,48000101,notttttthing,nothing
789,48000287,nothiiiiiiiiiing,nothing
790,48000152,nothhhhhhing,nothing
791,48000074,noooooooothing,nothing
792,48000139,nothhhhhing,nothing
793,48000062,nottthing,nothing
794,48000168,nottttthing,nothing
795,48000017,nothhhhhhhing,nothing
796,48000013,nothhhhhhhhhhhhhing,nothing
797,48000182,nothhhing,nothing
798,48000088,nothingggggggggg,nothing
799,48000032,notttttttttttttthing,nothing
800,48000021,nothinnnnnnnnnnnnnnng,nothing
801,48000082,nothingggggggggggggg,nothing
802,48000200,nooooooooooooothing,nothing
803,48000129,nothiiiiing,nothing
804,48000020,nnnnnnnnnothing,nothing
805,48000035,nothingggg,nothing
806,48000106,nothinnnnnnnnnng,nothing
807,48000274,nothinggggggggggggg,nothing
808,48000109,nothhhhhhhhhhhing,nothing
809,48000115,nothinnnnnnnnnnnnng,nothing
810,48000042,nothiiing,nothing
811,48000121,nooooothing,nothing
812,32000137,okayyyyyyyyyyyyyyy,okay
813,32000025,okkkkkkkkkkkkkkkay,okay
814,32000089,oooooooooooookay,okay
815,32000055,okaaaaaaaaaay,okay
816,32000037,okaaaaaay,okay
817,32000023,okkkkkkkkkkay,okay
818,32000094,okkkkkkkkay,okay
819,32000003,oooooooooookay,okay
820,32000026,okayyyyyyyy,okay
821,32000106,oooooookay,okay
822,32000027,okayyyyyyyyyyyyyy,okay
823,32000116,okkay,okay
824,32000117,okaaaay,okay
825,32000056,okkkkkkkkkkkkkay,okay
826,32000006,okkkkkkkay,okay
827,32000013,okkkkay,okay
828,32000052,oookay,okay
829,32000007,ooookay,okay
830,32000175,okayyyyyyyyyy,okay
831,32000022,okkkay,okay
832,32000016,okaaaaaaaaaaaaay,okay
833,32000146,okayy,okay
834,32000032,okaaaaaaaaay,okay
835,32000001,okaaaaaaay,okay
836,32000048,okayyyyyyyyyyy,okay
837,32000021,okaay,okay
838,32000053,okkkkkkay,okay
839,32000018,okayyyyyy,okay
840,24000042,perfecccccccccccct,perfect
841,24000075,perfffffffffffffffect,perfect
842,24000045,perfeeeeeeeeeect,perfect
843,24000013,perfectttttttttttt,perfect
844,24000006,peeeeeeeeeeeeerfect,perfect
845,24000186,perfectt,perfect
846,24000046,pppppppperfect,perfect
847,24000109,perfeccccccccccccct,perfect
848,24000054,perrrrrrrrrfect,perfect
849,24000238,pperfect,perfect
850,24000286,perfeeeeeeeeeeeeect,perfect
851,24000040,perffffect,perfect
852,24000031,perfectttttt,perfect
853,24000189,ppppppppppppppperfect,perfect
854,24000010,perffffffffffffect,perfect
855,24000001,ppppppppppppperfect,perfect
856,24000472,perfecttttttttttttttt,perfect
857,24000296,perffffffffect,perfect
858,24000092,pppppperfect,perfect
859,24000304,perfeect,perfect
860,24000123,perrrrrrrfect,perfect
861,24000101,perfectttttttt,perfect
862,24000074,peeeeeeeeerfect,perfect
863,24000026,perrrrrrrrrrrfect,perfect
864,24000030,perfecttttttttttttt,perfect
865,24000096,perfeccccccccccccccct,perfect
866,24000295,peeeerfect,perfect
867,24000119,perfecttttttt,perfect
868,4000001,prettyyyyyyyyyyy,pretty
869,4000043,preeeeeetty,pretty
870,4000581,prettyyyyyy,pretty
871,4000033,prettty,pretty
872,4000134,preeeeeeeeeeetty,pretty
873,4000170,prettyyyyyyyyy,pretty
874,4000070,prettyyyyyyyy,pretty
875,4000015,prrretty,pretty
876,4000086,pretttttty,pretty
877,4000011,preeeeeeeeeeeeetty,pretty
878,4000016,pretttttttttttttttty,pretty
879,4000036,prettttty,pretty
880,4000064,pppppppretty,pretty
881,4000246,ppppretty,pretty
882,4000038,prrrrretty,pretty
883,4000002,pppppppppppppppretty,pretty
884,4000042,ppppppppppppretty,pretty
885,4000340,prrrrrrrretty,pretty
886,4000063,ppretty,pretty
887,4000060,pppretty,pretty
888,4000013,prrrrrrrrretty,pretty
889,4000028,prettyyy,pretty
890,4000261,preeeetty,pretty
891,4000040,prrrrrrrrrrrrretty,pretty
892,4000080,pppppppppppretty,pretty
893,4000327,prrrrrrrrrrrrrretty,pretty
894,4000006,prettttttttttty,pretty
895,4000131,prrrrrrrrrretty,pretty
896,41000040,rrrrrrrrrrrrreally,really
897,41000033,reaaaaaally,really
898,41000098,reaaaaaaaaaaaally,really
899,41000060,reeally,really
900,41000046,realllllllly,really
901,41000154,reeeeeally,really
902,41000043,reallyy,really
903,41000085,reallyyyyyy,really
904,41000021,reaaaaaaally,really
905,41000071,reeeeeeeeeeally,really
906,41000010,realllllly,really
907,41000024,reaaaally,really
908,41000059,reallyyyyyyyyyyyyy,really
909,41000007,reaaaaaaaally,really
910,41000185,reallyyyy,really
911,41000004,reallyyyyyyyyyyyyyy,really
912,41000101,reallyyyyyyyy,really
913,41000014,rrrrrrrrreally,really
914,41000114,reallyyyyyyy,really
915,41000305,reeeeeeeeeeeeeeeally,really
916,41000103,rrrrrrrrrrrrrreally,really
917,41000036,reeeeally,really
918,41000139,reallyyy,really
919,41000182,rrrrrrreally,really
920,41000022,reallllly,really
921,41000136,reaaaaally,really
922,41000008,rrrrrrrrrrrreally,really
923,41000172,reallyyyyyyyyyyyy,really
924,31000044,sexxxxxxxxxxxxy,sexy
925,31000027,sexyyyyyyyyyyy,sexy
926,31000009,seeeeeeeexy,sexy
927,31000108,sexxxxxxxxy,sexy
928,31000050,sexxxxy,sexy
929,31000018,sexxxxxxxxxxxxxxy,sexy
930,31000093,sexyyyyyyyyyy,sexy
931,31000033,sssssssssssssexy,sexy
932,31000007,sexxxxxxxy,sexy
933,31000115,seeeeeeeeeeexy,sexy
934,31000069,seeeexy,sexy
935,31000063,seeexy,sexy
936,31000068,ssssssexy,sexy
937,31000031,seeeeeeeeeeeeeexy,sexy
938,31000059,seeeeeeexy,sexy
939,31000118,sexyyyyyyyyyyyyyyy,sexy
940,31000002,sexyyyyyy,sexy
941,31000056,sexxxxxxxxxxxy,sexy
942,31000017,sssexy,sexy
943,31000008,sexyyyyyyyyyyyyyy,sexy
944,31000112,sexxxxxy,sexy
945,31000127,seeeeexy,sexy
946,31000196,sexyyyy,sexy
947,31000058,seexy,sexy
948,31000065,sexxxxxxxxxxxxxy,sexy
949,31000057,sexyyy,sexy
950,31000151,sexyyyyy,sexy
951,31000061,ssssssssexy,sexy
952,7000022,shiiiiiiit,shit
953,7000027,shitttt,shit
954,7000070,shiiiiiiiiiiiiiit,shit
955,7000081,shiiiiit,shit
956,7000036,shhhhhhhit,shit
957,7000063,shiiiiiiiiit,shit
958,7000010,shiiiiiiiiiiiiit,shit
959,7000082,shiiiiiiiiiiit,shit
960,7000039,shitttttttttttt,shit
961,7000137,shhhhit,shit
962,7000029,shiiiiiiiiiiiit,shit
963,7000008,shiiiiiit,shit
964,7000023,shhhhhhhhit,shit
965,7000016,ssshit,shit
966,7000024,shitttttttttttttt,shit
967,7000208,shhhhhit,shit
968,7000057,shhhhhhhhhhhit,shit
969,7000005,shitttttttttt,shit
970,7000015,shhhit,shit
971,7000018,shiiit,shit
972,7000031,shittttttt,shit
973,7000009,shittt,shit
974,7000100,shiiiit,shit
975,7000013,ssssshit,shit
976,7000000,shhit,shit
977,7000047,ssssssssshit,shit
978,7000020,sssssssssssshit,shit
979,7000028,shitt,shit
980,10000068,sssslow,slow
981,10000012,slllllllllllow,slow
982,10000031,sloooooow,slow
983,10000026,slooooooow,slow
984,10000003,sslow,slow
985,10000047,ssssssssslow,slow
986,10000090,sllllllllllllow,slow
987,10000017,slllllllllllllow,slow
988,10000165,sloww,slow
989,10000078,sllllllllllow,slow
990,10000172,ssssssslow,slow
991,10000098,sllow,slow
992,10000001,slowwww,slow
993,10000067,sloooooooooooooow,slow
994,10000025,sllllow,slow
995,10000034,slowww,slow
996,10000002,sllllllow,slow
997,10000095,slowwwwwwwwwwwwwww,slow
998,10000057,slowwwwww,slow
999,10000043,sloooooooooooow,slow
1000,10000191,ssssssssssssslow,slow
1001,10000006,slowwwww,slow
1002,10000009,sloooooooooow,slow
1003,10000038,slllllow,slow
1004,10000013,sloooow,slow
1005,10000051,sllllllllllllllow,slow
1006,10000042,sloooooooow,slow
1007,10000008,sssssslow,slow
1008,15000004,smoottttttttttth,smooth
1009,15000326,sssssssssssssssmooth,smooth
1010,15000169,smmmmmmmooth,smooth
1011,15000037,smoottttttth,smooth
1012,15000003,smoottth,smooth
1013,15000026,smooooooooooooooth,smooth
1014,15000015,sssmooth,smooth
1015,15000061,smooooooooooooooooth,smooth
1016,15000072,smmmmmmmmmmooth,smooth
1017,15000122,smoothhh,smooth
1018,15000119,smoottttttttttttth,smooth
1019,15000398,ssssssssssssssmooth,smooth
1020,15000021,smoooooooooth,smooth
1021,15000117,smmmmmooth,smooth
1022,15000052,smooooth,smooth
1023,15000142,ssmooth,smooth
1024,15000036,smoothhhhh,smooth
1025,15000039,smooooooooooooth,smooth
1026,15000006,smoooth,smooth
1027,15000074,smoothhhhhhhhhhhhhh,smooth
1028,15000107,smmmmmmmmooth,smooth
1029,15000020,smmmmmmooth,smooth
1030,15000053,smootttttttttttth,smooth
1031,15000012,smoooooooth,smooth
1032,15000041,smmmmmmmmmmmmmmooth,smooth
1033,15000137,smmooth,smooth
1034,15000104,ssssssssmooth,smooth
1035,15000047,smoooooth,smooth
1036,39000015,ssssssssssso,so
1037,39000009,soooooooo,so
1038,39000017,sooo,so
1039,39000138,sooooo,so
1040,39000037,sooooooooo,so
1041,39000057,sssso,so
1042,39000026,sssssssssso,so
1043,39000023,ssssssssssssso,so
1044,39000090,sooooooooooo,so
1045,39000005,soooooo,so
1046,39000018,soooo,so
1047,39000044,ssssssssso,so
1048,39000003,soo,so
1049,39000012,sssssssssssso,so
1050,39000014,soooooooooo,so
1051,39000000,ssssssssssssssso,so
1052,39000036,sooooooooooooo,so
1053,39000004,ssssssso,so
1054,39000034,sooooooo,so
1055,39000062,sssssssso,so
1056,39000031,sssssso,so
1057,39000001,ssssso,so
1058,39000006,soooooooooooooo,so
1059,39000007,sso,so
1060,39000022,sssssssssssssso,so
1061,39000002,ssso,so
1062,39000024,soooooooooooo,so
1063,39000029,sooooooooooooooo,so
1064,21000029,supeeeeeeeeeeeeeer,super
1065,21000072,suuuuuuuper,super
1066,21000022,supppper,super
1067,21000013,superrrrr,super
1068,21000152,supper,super
1069,21000012,ssssuper,super
1070,21000226,superrrrrrrrr,super
1071,21000011,suuper,super
1072,21000021,suuuuuuuuuper,super
1073,21000010,supeeeeeeeeeeeeer,super
1074,21000049,sssssssssssssssuper,super
1075,21000016,suuuuuuuuuuper,super
1076,21000129,suppper,super
1077,21000067,superrrrrr,super
1078,21000134,suuuuuuuuper,super
1079,21000038,suppppper,super
1080,21000105,suppppppppppppper,super
1081,21000006,suuuuuper,super
1082,21000062,suppppppppppppppper,super
1083,21000037,supeeeeeeeeeeer,super
1084,21000122,supppppppppper,super
1085,21000046,superr,super
1086,21000018,sssuper,super
1087,21000015,supeeeeeer,super
1088,21000002,superrrrrrrrrrr,super
1089,21000004,supeeeeer,super
1090,21000017,suuuuper,super
1091,21000020,ssssssssssssssuper,super
1092,18000024,swwwwwwwwwweet,sweet
1093,18000122,sweetttttttttttt,sweet
1094,18000045,swwwwwwwweet,sweet
1095,18000002,sssssssssssweet,sweet
1096,18000061,sweeeeeeeeeeeeeeet,sweet
1097,18000015,sweeeeet,sweet
1098,18000012,sweeeeeeeet,sweet
1099,18000013,sssssweet,sweet
1100,18000011,sweett,sweet
1101,18000003,ssssssssssssssweet,sweet
1102,18000031,sweeeeeeeeeet,sweet
1103,18000069,ssssssssssssweet,sweet
1104,18000096,sweetttttttt,sweet
1105,18000082,sweeeeeeeeeeet,sweet
1106,18000060,sweettttttt,sweet
1107,18000001,ssssweet,sweet
1108,18000030,sweeeeeet,sweet
1109,18000191,swwwwwwwwwwwweet,sweet
1110,18000020,sssssssssssssssweet,sweet
1111,18000064,sssssssweet,sweet
1112,18000109,sweettt,sweet
1113,18000187,sweetttt,sweet
1114,18000028,sweetttttttttttttt,sweet
1115,18000072,ssweet,sweet
1116,18000075,ssssssssweet,sweet
1117,18000009,swwwwwwwwwwwwweet,sweet
1118,18000017,sweettttttttttttttt,sweet
1119,18000029,swwwweet,sweet
1120,22000058,ttttttttttasty,tasty
1121,22000029,tastyyyyyyyyyyy,tasty
1122,22000159,ttttasty,tasty
1123,22000024,ttttttttasty,tasty
1124,22000035,tastyy,tasty
1125,22000001,tasttttttty,tasty
1126,22000003,tastttttttttttty,tasty
1127,22000052,taaaaaaaaaaaaaaasty,tasty
1128,22000010,tasssssssssssty,tasty
1129,22000046,tttttttttttasty,tasty
1130,22000020,tasttttttttttttty,tasty
1131,22000042,tasttttttttty,tasty
1132,22000018,tasssssssssssssssty,tasty
1133,22000077,tttttttttttttttasty,tasty
1134,22000047,taaasty,tasty
1135,22000116,tasttttttttttty,tasty
1136,22000036,tassssssssssssssty,tasty
1137,22000033,tastyyyyyyyyyy,tasty
1138,22000147,tasttttty,tasty
1139,22000005,tasssty,tasty
1140,22000120,tastyyyyyyyy,tasty
1141,22000011,ttasty,tasty
1142,22000099,taaaaasty,tasty
1143,22000038,ttttttttttttasty,tasty
1144,22000041,taaaaaaaaaaaaaasty,tasty
1145,22000113,taaaaaaaaaaaasty,tasty
1146,22000164,tastyyyy,tasty
1147,22000027,tastttttttttttttty,tasty
1148,44000018,ttttttttttttoo,too
1149,44000040,toooo,too
1150,44000003,tttttttttttoo,too
1151,44000025,tooo,too
1152,44000008,toooooooooooo,too
1153,44000001,ttttttoo,too
1154,44000017,tooooooo,too
1155,44000002,toooooo,too
1156,44000031,tttttttttttttttoo,too
1157,44000009,tooooooooooooo,too
1158,44000012,toooooooo,too
1159,44000222,tttttttttoo,too
1160,44000005,tooooooooo,too
1161,44000020,ttttoo,too
1162,44000013,tttttoo,too
1163,44000065,ttoo,too
1164,44000099,ttttttttttttttoo,too
1165,44000050,ttttttttttoo,too
1166,44000011,tooooooooooo,too
1167,44000094,ttttttttoo,too
1168,44000006,toooooooooo,too
1169,44000016,tooooooooooooooo,too
1170,44000024,tttttttoo,too
1171,44000032,tooooo,too
1172,44000052,tttttttttttttoo,too
1173,44000000,toooooooooooooo,too
1174,44000028,tttoo,too
1175,44000033,toooooooooooooooo,too
1176,40000021,ugggggggggggggggh,ugh
1177,40000003,ughhhhhhhhhhh,ugh
1178,40000071,uuuuuuuuuuugh,ugh
1179,40000016,uuuuuuuuuuuugh,ugh
1180,40000014,ughhhh,ugh
1181,40000019,uuuuuuuuugh,ugh
1182,40000020,uggggggggh,ugh
1183,40000089,uuuuuugh,ugh
1184,40000066,ughhhhhhhh,ugh
1185,40000080,ughhh,ugh
1186,40000042,uugh,ugh
1187,40000000,ughhhhhhhhhhhhh,ugh
1188,40000044,uuuuuuuuuuuuuuugh,ugh
1189,40000144,ughhhhhhhhhh,ugh
1190,40000006,uggggggggggggggh,ugh
1191,40000041,ughhhhhhhhhhhhhhh,ugh
1192,40000013,uuuuuuugh,ugh
1193,40000028,uggggggggggh,ugh
1194,40000004,ughhhhhhhhhhhh,ugh
1195,40000015,ughhhhh,ugh
1196,40000029,ughhhhhhhhhhhhhh,ugh
1197,40000002,uggggggh,ugh
1198,40000017,ughhhhhhh,ugh
1199,40000011,uuuugh,ugh
1200,40000046,uuuuuuuugh,ugh
1201,40000131,ugggggggggggh,ugh
1202,40000050,ugggggggggggggh,ugh
1203,40000091,uuuuugh,ugh
1204,43000142,veryyyyyyyyyyy,very
1205,43000047,veeeeeeery,very
1206,43000170,verrrry,very
1207,43000029,veeeery,very
1208,43000062,veeery,very
1209,43000160,veryyyyyyyyy,very
1210,43000058,vvvvvvvvvvvvvvery,very
1211,43000000,verrrrrrry,very
1212,43000001,vvvery,very
1213,43000003,verrrrrrrrrrrrry,very
1214,43000005,vvvvvvvvvvery,very
1215,43000016,veeeeeeeeeery,very
1216,43000024,vvvvvvvvvvvvery,very
1217,43000196,veryyyyy,very
1218,43000125,verrrrrrrrrrry,very
1219,43000012,verrry,very
1220,43000118,veryyyyyyyyyyyy,very
1221,43000099,veeeeeeeeeeeeery,very
1222,43000070,verrrrrry,very
1223,43000107,vvvvvvery,very
1224,43000048,verrrrrrrrrrrry,very
1225,43000069,verry,very
1226,43000032,vvvvvery,very
1227,43000055,verrrrrrrry,very
1228,43000038,veeeeeeeeeeeery,very
1229,43000010,verrrrrrrrry,very
1230,43000045,verrrrry,very
1231,43000263,vvvvvvvvery,very
1232,33000003,wasttte,waste
1233,33000024,wasssssssssssste,waste
1234,33000029,waaaaaaaaaaste,waste
1235,33000172,wasteeeeeeeeeeee,waste
1236,33000035,wwwwwwwwwaste,waste
1237,33000181,wasteeeeeeee,waste
1238,33000146,wasteeeeeeeeeee,waste
1239,33000061,wasttttttttttttte,waste
1240,33000086,wassssssssssste,waste
1241,33000049,wastte,waste
1242,33000045,waaaaaaste,waste
1243,33000018,waaste,waste
1244,33000232,wasssste,waste
1245,33000010,wwwwwwwaste,waste
1246,33000023,wwwwwwwwwwwwwwwaste,waste
1247,33000113,wasttttte,waste
1248,33000052,wastee,waste
1249,33000076,wwwwwaste,waste
1250,33000066,waaaaaaaaste,waste
1251,33000057,wwwwwwwwwwwwwaste,waste
1252,33000019,wasttttttttte,waste
1253,33000015,wasttttttttttte,waste
1254,33000163,wwwwwwwwwwwwaste,waste
1255,33000055,wasteeeeeeeeeeeee,waste
1256,33000011,waaaaaaaaaste,waste
1257,33000054,wastttttttte,waste
1258,33000150,wwwaste,waste
1259,33000114,wasteeeeeeeeeeeeee,waste
1260,38000028,waaaaay,way
1261,38000080,waaaaaaaaaaay,way
1262,38000016,wayyyyyyyyyyy,way
1263,38000005,waaaaaaaaaaaay,way
1264,38000001,wwwwwwwwwwwwwwway,way
1265,38000018,waaay,way
1266,38000014,wayyyyyyyyyyyyyy,way
1267,38000051,wwwwwwway,way
1268,38000033,waay,way
1269,38000008,wayy,way
1270,38000010,waaaaaaaaaaaaay,way
1271,38000015,wwwwwwwwwwwway,way
1272,38000040,wwwwwwwwwwwwway,way
1273,38000000,wwwwwwwwwwwwwway,way
1274,38000085,wwwwwwwwwwway,way
1275,38000013,wayyyyyyyyy,way
1276,38000038,waaaaaaaaaaaaaay,way
1277,38000012,wayyyyyyyyyyyyy,way
1278,38000006,wwwwwwwwwway,way
1279,38000055,waaaaaaaaaaaaaaay,way
1280,38000092,wwwwwway,way
1281,38000086,wayyyyyyyyyyyy,way
1282,38000002,waaaaaaaaaay,way
1283,38000035,wayyyyyyyyyy,way
1284,38000072,waaaay,way
1285,38000049,wwway,way
1286,38000004,wwwwwwwwway,way
1287,38000062,wayyyyyy,way
1288,37000051,woooooooooo,woo
1289,37000012,wwwwwwwoo,woo
1290,37000013,woooooooooooooooo,woo
1291,37000073,wwwwwwwwwwwwwwoo,woo
1292,37000001,wooooooooo,woo
1293,37000028,wwwwwwwwoo,woo
1294,37000014,woooooooo,woo
1295,37000006,wooooooo,woo
1296,37000000,wwwwwoo,woo
1297,37000155,wwwoo,woo
1298,37000009,wwwwwwwwwwwwwwwoo,woo
1299,37000017,wooo,woo
1300,37000007,woooooooooooo,woo
1301,37000044,woooo,woo
1302,37000011,wooooooooooooooo,woo
1303,37000015,wwwwwwwwwwwoo,woo
1304,37000053,wwwwwwwwwwwwoo,woo
1305,37000059,wooooooooooooo,woo
1306,37000037,wwwwwwoo,woo
1307,37000036,woooooo,woo
1308,37000058,wwwwwwwwwwoo,woo
1309,37000042,wwoo,woo
1310,37000002,wooooooooooo,woo
1311,37000029,wwwwwwwwwoo,woo
1312,37000008,wwwwwwwwwwwwwoo,woo
1313,37000004,wwwwoo,woo
1314,37000025,woooooooooooooo,woo
1315,37000003,wooooo,woo
1316,34000042,worrrrrrrrrrrrrrrse,worse
1317,34000157,worrrrrrrrrrrse,worse
1318,34000050,worsssssssssse,worse
1319,34000119,worsssssssssssssse,worse
1320,34000060,worsssssssssssse,worse
1321,34000159,worsssssse,worse
1322,34000008,worssssssssssse,worse
1323,34000058,worsssssssse,worse
1324,34000077,worseeeee,worse
1325,34000010,worrse,worse
1326,34000046,worseeeeeeeeeee,worse
1327,34000016,wwwwwwwwwwworse,worse
1328,34000024,woooooorse,worse
1329,34000070,worseeeeeeeeeeee,worse
1330,34000146,woooooooooooooorse,worse
1331,34000014,worrrrrrrrrrrrrrse,worse
1332,34000047,wwwwwwwwwwwwwwworse,worse
1333,34000017,wwwwwwwwwwwwwworse,worse
1334,34000143,worrrrrrrse,worse
1335,34000102,worssssse,worse
1336,34000063,wooooorse,worse
1337,34000031,worsssse,worse
1338,34000012,worrrrrrrrrrse,worse
1339,34000000,worrrse,worse
1340,34000039,worseeeeeeeeee,worse
1341,34000038,worrrrrrrrrrrrrse,worse
1342,34000001,wooooooooooorse,worse
1343,34000037,worsse,worse
1344,20000070,wwwwwwwwwwwwwwwow,wow
1345,20000012,woooooooow,wow
1346,20000028,wowwwwwwww,wow
1347,20000014,wowwwwwwwwww,wow
1348,20000064,wooooooooow,wow
1349,20000009,wooooooooooooow,wow
1350,20000017,wwwwwwow,wow
1351,20000011,woooooow,wow
1352,20000026,woooooooooooow,wow
1353,20000043,wooooow,wow
1354,20000038,wwwwwwwwwow,wow
1355,20000025,wowwwwwww,wow
1356,20000126,wowwwwwwwww,wow
1357,20000030,wwwow,wow
1358,20000060,wwwwwwwwwwwwwow,wow
1359,20000037,wwwwwwwwwwwwwwow,wow
1360,20000010,wooow,wow
1361,20000027,wwwwwow,wow
1362,20000006,wowwwww,wow
1363,20000048,wooooooow,wow
1364,20000055,wwwwwwwwwwwwow,wow
1365,20000041,wowwwwww,wow
1366,20000062,woooow,wow
1367,20000023,wwwwwwwwow,wow
1368,20000061,wowwww,wow
1369,20000004,wwwwwwwwwwow,wow
1370,20000110,wwow,wow
1371,20000003,wowwwwwwwwwwwwww,wow
1372,29000099,yeeeeeeeeeeees,yes
1373,29000036,yesssssssssss,yes
1374,29000021,yeeeeeeeees,yes
1375,29000003,yyyes,yes
1376,29000113,yyyyyyyyyyyyyes,yes
1377,29000011,yyyyes,yes
1378,29000040,yeees,yes
1379,29000025,yeeeeeeeeees,yes
1380,29000114,yeeeeeeees,yes
1381,29000004,yesssssssss,yes
1382,29000049,yesssssssssssss,yes
1383,29000091,yyyyyyyes,yes
1384,29000012,yeeeeeeeeeeeees,yes
1385,29000001,yees,yes
1386,29000024,yyyyyyyyyyyyyyyes,yes
1387,29000009,yyyyyyyyyyyyyyes,yes
1388,29000015,yess,yes
1389,29000050,yessssssss,yes
1390,29000013,yessss,yes
1391,29000092,yeeeeeees,yes
1392,29000008,yessssssssssssss,yes
1393,29000014,yyyyyyes,yes
1394,29000054,yessssss,yes
1395,29000028,yesssss,yes
1396,29000027,yeeeeeeeeeeeeeees,yes
1397,29000088,yeeeeees,yes
1398,29000094,yeeees,yes
1399,29000017,yyyyyyyyes,yes
1400,36000018,yuuuuummy,yummy
1401,36000059,yummmmmy,yummy
1402,36000099,yuummy,yummy
1403,36000019,yummyyyyyyyyyy,yummy
1404,36000066,yummyyyyyyyyyyyyy,yummy
1405,36000038,yummmmmmmmmmy,yummy
1406,36000044,yyyyyyyyyyyummy,yummy
1407,36000014,yuuuuuuummy,yummy
1408,36000020,yummmmmmmmmmmmmmmmy,yummy
1409,36000003,yuuuuuuuuuuuuuummy,yummy
1410,36000030,yyyyyyummy,yummy
1411,36000017,yummyyyyyyyy,yummy
1412,36000007,yyyummy,yummy
1413,36000155,yuuuuuuuuuuuummy,yummy
1414,36000031,yyyyyyyyyyyyyyummy,yummy
1415,36000008,yummmmmmmmmy,yummy
1416,36000069,yummmmy,yummy
1417,36000058,yummyy,yummy
1418,36000056,yummmmmmmy,yummy
1419,36000052,yyyyyyyummy,yummy
1420,36000343,yummyyyyyy,yummy
1421,36000040,yummyyyyyyyyy,yummy
1422,36000045,yuuummy,yummy
1423,36000087,yyummy,yummy
1424,36000123,yuuuuuuuuuuummy,yummy
1425,36000050,yyyyyyyyyyyyummy,yummy
1426,36000021,yuuuummy,yummy
1427,36000000,yummyyyy,yummy
